file,keyword,text_a,text_c,match_a,match_b,match_c,match_d,condition
강원도_가족관계증명서_child_female_nova_0010.mp3,가족관계증명서, 아버지 기준으로 가족 반계 직명서 한통, 아버지 기준으로 가족 반계 직명서 한통,0,1,0,1,
강원도_가족관계증명서_child_male_echo_0022.mp3,가족관계증명서, 인터넷으로 가족 관계 진명서 발급 좀 해주시어주소, 인터넷으로 가족 관계 증명서 발급 좀 해주시어주소,0,1,1,1,
강원도_가족관계증명서_child_male_nova_0035.mp3,가족관계증명서, 급해서 그런데 가족 관계 증명서 빨리 되나에?, 급해서 그런데 가족 관계 증명서 빨리 되나에?,1,1,1,1,
강원도_가족관계증명서_middleaged_female_onyx_0071.mp3,가족관계증명서, 가족 관계 증명서 한 부만 있음은 Fendi, 가족 관계 증명서 한 부만 있으면 된 뒤,1,1,1,1,
강원도_가족관계증명서_middleaged_male_echo_0018.mp3,가족관계증명서, 가족 관계 진명서 상세로 한통 발급 좀 해주시오, 가족 관계 진명서 상세로 한통 발급 좀 해주시오,0,1,0,1,
강원도_가족관계증명서_middleaged_male_echo_0036.mp3,가족관계증명서, 상세로 발급 좀 해주시어야 쓴가? 가족 관계 직명소구만, 상세로 발급 좀 해주시어야 하슨가? 가족 관계 직명서구만,0,1,0,1,
강원도_가족관계증명서_middleaged_male_echo_0053.mp3,가족관계증명서, 가족관계의 진명서 발급 좀 해주시오는 거 아이가?, 가족관계의 증명서 발급 좀 해주시오는 거 아이가?,0,1,0,1,
강원도_가족관계증명서_middleaged_male_echo_0074.mp3,가족관계증명서, 먼저 가족 관계 직명서 산부 바로 밝은 빨급 좀 해주시오 주소하우, 먼저 가족 관계 직명서 3부 바로 발급발급 좀 해주시오 주프사 How,0,1,0,1,
강원도_가족관계증명서_middleaged_male_echo_0083.mp3,가족관계증명서, 지금 부 가족 증명사 원부 필요하오다. 발급 좀 해주시오. 발급 좀 해주시오. 두 개 맞슨내., 지금 부 가족 증명서 원부 필요하오다. 발급 좀 해주시오. 발급 좀 해주시오. 두 개 맞슨내.,0,1,0,1,
강원도_가족관계증명서_middleaged_male_nova_0086.mp3,가족관계증명서, 3세로 발급 좀 해주시어야 되나 가족관계 증명서, 단세로 발급 좀 해주시어야 되나 가족관계 증명서,1,1,1,1,
강원도_가족관계증명서_middleaged_male_onyx_0089.mp3,가족관계증명서, 동사무소에 가족 관계 직명서 발급 좀 해주시오러 가해 쓰고 있다., 동사무소에 가족 관계 직명서 발급 좀 해주시오러 가해 쓰고 있다.,0,1,0,1,
강원도_가족관계증명서_youngadult_female_shimmer_0025.mp3,가족관계증명서, 상세로 발급 좀 해주시어야 되나? 가족 관계 직명서?, 상세로 발급 좀 해주시어야 되나? 가족 관계 직명서?,0,1,0,1,
강원도_건강보험자격득실확인서_child_female_echo_0110.mp3,건강보험자격득실확인서, 엄보 자격득시로 확인서 내부 발극 좀 해주시오. 해주시오. 네., 엄보 자격득시로 확인서 내부 발극정 해주시오. 해주시오. 네.,0,1,0,1,
강원도_건강보험자격득실확인서_child_female_nova_0132.mp3,건강보험자격득실확인서, 자격 득실 확인서 발급 좀 해주시오는데 오래 걸리나?, 자격 득시 확인서 발급 좀 해주시오는데 오래 걸리나?,0,1,0,1,
강원도_건강보험자격득실확인서_child_female_onyx_0182.mp3,건강보험자격득실확인서, 건강보험 자격 득실 확인서는 어디서된다냐, 권강부험 자격듭실 확인서는 어디서된다냐,1,1,0,1,
강원도_건강보험자격득실확인서_child_female_shimmer_0199.mp3,건강보험자격득실확인서, 건강 보험공단 가서 자격특수하긴서 발급 좀 해주시오 고와야, 건강 보험공단 가서 자격특수하긴서 발급 좀 해주시오 고와야,0,1,0,1,
강원도_건강보험자격득실확인서_child_male_shimmer_0101.mp3,건강보험자격득실확인서, 자격 특수하긴 해서 한 통만 발급 좀 해주시오. 주쇄행, 자격 특수하긴 해서 한 통만 발급 좀 해주시오. 주쇼잉,0,1,0,1,
강원도_건강보험자격득실확인서_middleaged_female_nova_0113.mp3,건강보험자격득실확인서, 급하게 건강보험 자격득실 확인서 한부 바로 발급 좀 해주시오 해주게 맞으네구만, 급하게 건강보험 자격득실 확인서 한 부 바로 발급 좀 해주시오 해주게 맞으네구만,1,1,1,1,
강원도_건강보험자격득실확인서_middleaged_female_nova_0121.mp3,건강보험자격득실확인서, 자격 특실 확인서 출력 좀 해줘, 자격 특식실 확인서 툴력 좀 해줘,0,1,0,1,
강원도_건강보험자격득실확인서_middleaged_male_alloy_0142.mp3,건강보험자격득실확인서," 건강보험 자격 특실 확인서 중, 발급 좀 해주시오 주시오."," 건강보험 자격 특실 확인서 중, 발급 좀 해주시오 주시오.",0,1,0,1,
강원도_건강보험자격득실확인서_middleaged_male_nova_0137.mp3,건강보험자격득실확인서, 건강보험 자격 즉실 확인서는 본인만 떼 수 있나?, 건강보험 자격 즉실 확인서는 본인만 떼 수 있나?,0,1,0,1,
강원도_건강보험자격득실확인서_middleaged_male_shimmer_0153.mp3,건강보험자격득실확인서, 자격득실 확인서 두부 발근 좀 해주시오. 해 주라오., 자역득실 확인서 두 후보 발근 좀 해주시오. 해 주라오.,0,1,0,1,
강원도_건강보험자격득실확인서_middleaged_male_shimmer_0192.mp3,건강보험자격득실확인서, 자격 득슈 확인선은 못담씨 발급 좀 해주시는 것이요, 자격 특수 확인선은 못담씨 발급 좀 해주시는 것이요,0,1,0,1,
강원도_건강보험자격득실확인서_senior_female_alloy_0145.mp3,건강보험자격득실확인서, 자격 듯 실 확인서 한 통만 발급 좀 해주시여 주소, 자격대치를 확인해서 한 통만 발급 좀 해주시여 주소,0,1,0,1,
강원도_건강보험자격득실확인서_senior_female_alloy_0154.mp3,건강보험자격득실확인서, 건강보험공단 전화해야 되나? 자격특실 확인 서구만, 건강보험공단 전화해야 되나? 자격특실 확인 서구만,0,1,0,1,
강원도_건강보험자격득실확인서_senior_male_shimmer_0186.mp3,건강보험자격득실확인서, 자격 특실 확인서 발급 좀 해주시오는 법종 갈차 조용?, 자격 특실 확인사 발급점 해주시오는 법종 갈차조인?,0,1,0,1,
강원도_건강보험자격득실확인서_youngadult_female_alloy_0115.mp3,건강보험자격득실확인서," 내역 단아옥에 자격특실 확인서 발급 좀 해주시오, 주행"," 내역 단아옥에 자격특실 확인서 발급 좀 해주시오, 주행",0,1,0,1,
강원도_건강보험자격득실확인서_youngadult_female_nova_0116.mp3,건강보험자격득실확인서, 자격특실 확인서 발급 좀 해주시오러 왔습니다., 자격특실 확인서 발급 좀 해주시오러 왔습니다,0,1,0,1,
강원도_건강보험자격득실확인서_youngadult_male_alloy_0118.mp3,건강보험자격득실확인서, 건강보험 자격특수 확인서 발급 좀 해주시오러 가야된다., 건강보험 자격특수 확인서 발급 좀 해주시오러 가야된다.,0,1,0,1,
강원도_건강보험자격득실확인서_youngadult_male_onyx_0181.mp3,건강보험자격득실확인서, 다격득실 확인서 출력 좀 해줘버리구만, 다격득실 확인서 출력 좀 해줘버려구만,0,1,0,1,
강원도_건강보험자격득실확인서_youngadult_male_onyx_0187.mp3,건강보험자격득실확인서, 자격 득실 확인서 한 통만 발급 좀 해주시오 주쇼구만, 자격특실 확인서 한 통만 발급 좀 해주시오 주쇼구만,0,1,0,1,
강원도_날씨_child_female_nova_0222.mp3,날씨,ナイシーレガトな,ナイシー入れがとな?,0,0,0,0,
강원도_날씨_child_male_echo_0218.mp3,날씨, 나이치도 더운데 시원한 거나 먹자, 날씨도 더운데 시원한 거나 먹자,0,0,1,1,
강원도_날씨_child_male_echo_0286.mp3,날씨, Rédu nos nais en point ?, Rédu nos nais en point ?,0,0,0,0,
강원도_날씨_child_male_nova_0210.mp3,날씨, 날씨 어플 뭐가 정확하노?, 날씨 어플 뭐가 정확하노?,1,0,1,0,
강원도_날씨_child_male_onyx_0289.mp3,날씨, 오늘 대준아 씨 어떤 호우과?, 오늘 대준아 씨 어떤 호흡과?,0,0,0,0,
강원도_날씨_middleaged_male_alloy_0253.mp3,날씨,来し入れがとな,来し入れがとな,0,0,0,0,
강원도_날씨_middleaged_male_nova_0225.mp3,날씨, 오늘 날씨 위에든어?, 오늘 날씨 위에든어?,1,1,1,1,
강원도_날씨_middleaged_male_nova_0235.mp3,날씨, 이번 주 날씨 계속 좋을까?, 이번 주 날씨 계속 좋을까?,1,1,1,1,
강원도_날씨_senior_female_nova_0283.mp3,날씨, 날씨도 더운데 시원한 거나 먹자., 날씨도 더운데 시원한 거나 먹자.,1,1,1,1,
강원도_날씨_youngadult_female_alloy_0271.mp3,날씨, 이번주 날씨 계속 좋을까?, 이번주 날씨 계속 좋을까?,1,1,1,1,
강원도_날씨_youngadult_male_alloy_0236.mp3,날씨, 강소 확률 몇% 다냐?, 강소 확률 몇% 다냐?,0,0,0,0,
강원도_날씨_youngadult_male_shimmer_0274.mp3,날씨, 날씨 확인하고 가자, 날씨 확인하고 가자,1,1,1,1,
강원도_등본_child_female_alloy_0397.mp3,등본, 등분한 통 발급받으러 왔는데요., 등분한 통 발급받으러 왔는데요.,0,1,0,1,
강원도_등본_child_female_shimmer_0330.mp3,등본, 주민 등번 한통 발급점 해주세요. 주셔., 주민 등번 한통 발급점 해주세요. 주셔.,0,1,0,1,
강원도_등본_child_male_nova_0345.mp3,등본," 컴퓨터로 등번 좀 밝을 점 해주시오, 조인."," 컴퓨터로 등번 좀 밝을 점 해주시오, 조인",0,0,0,0,
강원도_등본_middleaged_male_echo_0360.mp3,등본, 주민센터 문 닫기 전에 등몬 발급 좀 해주시오와야, 주민센터 문 닫기 전에 등몬 발급 좀 해주시오와야,0,1,0,1,
강원도_등본_middleaged_male_nova_0316.mp3,등본, 등본 한통 발급받으러 왔는데요., 등몬 한통 발급받으러 왔는데요.,1,1,0,1,
강원도_등본_senior_female_alloy_0337.mp3,등본, 인터넷으로 등본 뽑을 수 있나?, 인터넷으로 등본 뽑을 수 있나?,1,1,1,1,
강원도_등본_senior_female_onyx_0325.mp3,등본, 등본 발급점 해주시오는 신부름 좀 해라인, 등본 발급점 해주시오는 신부름 좀 해라인,1,1,1,1,
강원도_등본_senior_male_nova_0344.mp3,등본, 등본 떨라고 동사무소 간다잉, 등본 떨라고 동사무소 간다잉,1,1,1,1,
강원도_등본_senior_male_onyx_0340.mp3,등본, 아버지 등분이 필요하네 우연호, 아버지 등분이 필요하네 우연호,0,0,0,0,
강원도_등본_youngadult_female_echo_0334.mp3,등본, 주민 등록 등론 사부 필요는 하우다. 발급점 해 주시오. 발급점 해 주시오. 접수하오., 주민 등록 등본 차부 필요는 없다. 밝업 좀 해주시오. 밝업 좀 해주시오. 집사하오.,0,1,1,1,
강원도_등본_youngadult_female_onyx_0390.mp3,등본, 은행 내야는 뒤 등분 한 장만 구만, 은행 내야는 뒤 등분 한 장만 구만,0,0,0,0,
강원도_등본_youngadult_male_echo_0301.mp3,등본, 등분 한통 발급받으러 왔는데요., 등분 한통 발급받으러 왔는데요.,0,1,0,1,
강원도_초본_child_female_alloy_0437.mp3,초본, 초본 발급 되나에?, 초본 발급 대나에?,1,1,1,1,
강원도_초본_middleaged_female_echo_0460.mp3,초본, 조본 한 통 바이급 좀 해주시오는데 시간 얼마나 걸리노?, 조본 한 통 바이급 좀 해주시오는데 시간 얼마나 걸리노?,0,0,0,0,
강원도_초본_middleaged_female_nova_0444.mp3,초본," 초보는 왜 필요하다,か?"," 초보는 왜 필요하다,か?",0,0,0,0,
강원도_초본_middleaged_male_nova_0434.mp3,초본, 내 초본종 발급 좀 해주시오 줄 함께, 내 초본종 발급 좀 해주시오 줄 함께,1,1,1,1,
강원도_초본_middleaged_male_onyx_0445.mp3,초본, 초보는 못담씨 필요하다냐, 초보는 못담씨 필요하다냐,0,0,0,0,
강원도_초본_senior_male_onyx_0425.mp3,초본, 지금도 주민댕록 토번발급점 해주시오, 지금도 주민댕록 초번발급점 해주시오,0,1,0,1,
강원도_초본_youngadult_female_nova_0401.mp3,초본, 주민 등록 쳐본 발급점 해주시오 주실 뿐, 주민등록 처벌 발급점 해주시오 주실 뿐,0,1,0,1,
강원도_초본_youngadult_female_nova_0490.mp3,초본, 초본 발급 좀 해주시어서 팩스로 좀 보내주소, 초본 발급 좀 해주셔서 팩스로 좀 보내주소,1,1,1,1,
강원도_초본_youngadult_female_nova_0497.mp3,초본, 지금도 주민등록 초본 4부 발급점 해주시오 발급점 해주시오 죽에 마쉈네, 지금도 주민등록 초본 4부 발급점 해주시오 발급점 해주시오 죽에 맛있네,1,1,1,1,
강원도_초본_youngadult_male_alloy_0416.mp3,초본, 여기 초번도 떼 수 있습니까?, 여기 초번도 댄스 있습니까?,0,0,0,0,
강원도_초본_youngadult_male_nova_0430.mp3,초본, 초본 달급 좀 해주셔서 패트로 좀 보내줬 수 요구만, 초본 달급 좀 해주셔서 팩스로 좀 보내주세요구만,1,1,1,1,
강원도_초본_youngadult_male_nova_0440.mp3,초본, 조번 한 장만 퍼트도 좁어서구만, 조번 한 장만 퍼트도 조버소구만,0,0,0,0,
강원도_축제_child_female_echo_0507.mp3,축제, 지역춤제 모볼 거 있나?, 지역춤제 뭐 볼 거 있나?,0,1,0,1,
강원도_축제_child_female_echo_0529.mp3,축제, 우리 동네 축자는 언제인데?, 우리 동네 축자는 언제인데?,0,0,0,0,
강원도_축제_child_female_nova_0547.mp3,축제, 우리 동네 집자 언제인데?, 우리 동네 축제 언제인데?,0,0,1,1,
강원도_축제_child_female_nova_0591.mp3,축제, 밤에 하는 불꽃집제 하나?, 밤에 하는 불꽃 측제 하나?,0,0,0,0,
강원도_축제_child_female_shimmer_0520.mp3,축제, 축제 갈 때 뭐 입고 갈까?, 축제 갈 때 뭐 입고 갈까?,1,1,1,1,
강원도_축제_child_male_alloy_0505.mp3,축제, 뭔 축제가 제로 유명하냐?, 뭔 축제가 제로 유명하냐?,1,1,1,1,
강원도_축제_child_male_nova_0528.mp3,축제, 무슨 축제가 제일 유명하노?, 무슨 축제가 제일 유명하노?,1,1,1,1,
강원도_축제_child_male_nova_0561.mp3,축제, 축제라서 뭐 먹을까?, 축제라서 뭐 먹을까?,1,1,1,1,
강원도_축제_child_male_shimmer_0509.mp3,축제, 축제 가수 누구야?, 축제 가수 누구 honor?,1,1,1,1,
강원도_축제_child_male_shimmer_0514.mp3,축제, 껍시기 축제에 겁나게 재미지다고 하드만, 거식이 축제에 겁나게 재미지다고 하드만,1,1,1,1,
강원도_축제_child_male_shimmer_0536.mp3,축제, 쭉쇄 마지막 날이라 사람 겁나게 맞네, 쭉쇄 마지막 날이라 사람 겁나게 맞네,0,0,0,0,
강원도_축제_child_male_shimmer_0567.mp3,축제, 축제 가수 누구 온다냐?, 축제 가수 누구 온다냐?,1,1,1,1,
강원도_축제_child_male_shimmer_0593.mp3,축제, 이번 축제는 좀 재미지군요., 이번 축제는 좀 재미지군요.,1,1,1,1,
강원도_축제_middleaged_female_alloy_0576.mp3,축제, 제 보루 안 갈 기가?, 제 보루 안 갈 기가?,0,0,0,0,
강원도_축제_middleaged_female_echo_0563.mp3,축제, 대합축제 보러 가자, 내 합축제 보러 가자,1,1,1,1,
강원도_축제_middleaged_female_echo_0594.mp3,축제, 밤에 하는 물고 축제할까?, 밤에 하는 물고 축제할까?,1,1,1,1,
강원도_축제_middleaged_female_nova_0562.mp3,축제, 야시장 열리는 측제 다녀, 야시장 열리는 축제다냐,0,0,1,1,
강원도_축제_middleaged_female_nova_0590.mp3,축제, 축제 구경 갈 사람?, 축제 구경 갈 사람?,1,1,1,1,
강원도_축제_middleaged_female_nova_0595.mp3,축제," 축제 가서, 뭐 먹을까?"," 축제 가서, 뭐 먹을까?",1,1,1,1,
강원도_축제_middleaged_female_shimmer_0531.mp3,축제, 이번 슈트에는 모 좀 다른 거 하나?, 이번 주째는 모 좀 다른 거 하나?,0,0,0,0,
강원도_축제_middleaged_female_shimmer_0570.mp3,축제, 축제 갈람은 참아키 있긴데, 축제 갈람은 참아키 있긴데,1,1,1,1,
강원도_축제_middleaged_female_shimmer_0582.mp3,축제, 오늘부터 죽지 시작이다., 오늘부터 죽지 시작이다.,0,0,0,0,
강원도_축제_middleaged_male_alloy_0522.mp3,축제, 축제 갈 때 뭐 입고 갈까 나?, 축제 갈 때 뭐 입고 갈까?,1,1,1,1,
강원도_축제_middleaged_male_alloy_0525.mp3,축제, 가을에는 뭔 축제가 있다냐?, 가을에는 뭔 축제가 있다냐?,1,1,1,1,
강원도_축제_middleaged_male_echo_0511.mp3,축제, 우리도 축제 부스 하나 내볼까나?, 우리도 축제부스 하나 내볼까나?,1,1,1,1,
강원도_축제_middleaged_male_onyx_0504.mp3,축제, 축제 초대 가수 누구락하든어?, 축제 초대 가수 누구락하든어?,1,1,1,1,
강원도_축제_middleaged_male_shimmer_0585.mp3,축제, 오늘부터 축제 시작이다., 오늘부터 축제 시작이다.,1,1,1,1,
강원도_축제_senior_female_alloy_0555.mp3,축제, 하메야는 불꽃축제 하나, 하메야는 불꽃축제 하나,1,1,1,1,
강원도_축제_senior_female_nova_0530.mp3,축제, 뭔 축제가 젤로 유명하냐?, 뭔 축제가 젤로 유명하냐?,1,1,1,1,
강원도_축제_senior_female_onyx_0519.mp3,축제, 우리 동네 진짜는 언젠디?, 우리 동네 출장은 언젠지?,0,0,0,0,
강원도_축제_senior_female_onyx_0521.mp3,축제, 축제 마지막 날이라 사람 많다, 축제 마지막 날이라 사람 많다,1,1,1,1,
강원도_축제_senior_female_onyx_0572.mp3,축제, 에학 축제 구경, 에학 축제 구경,1,1,1,1,
강원도_축제_senior_female_shimmer_0584.mp3,축제, 쭉대 초대가수 누구라고 그라데?, 쭉째 초대라서 누구라고 그라데?,0,0,0,0,
강원도_축제_senior_male_alloy_0513.mp3,축제, 제가서 뭐 먹을까?, 찍어서 뭐 먹을까?,0,0,0,0,
강원도_축제_senior_male_alloy_0558.mp3,축제, 오늘부터 축제 시작이요, 오늘부터 축제 시작이요,1,1,1,1,
강원도_축제_senior_male_echo_0543.mp3,축제, 이번 벚꽃 축제는 언제인다냐?, 이번 벚꽃 축제는 언제인다냐?,1,1,1,1,
강원도_축제_senior_male_nova_0534.mp3,축제, 축제 마지막 날이라 사람 많다, 축제 마지막 날이라 사람 많다,1,1,1,1,
강원도_축제_senior_male_nova_0579.mp3,축제, 이번 축제는 모종 다른 거 하나?, 이번 축제는 모종 다른 거 하나?,1,1,1,1,
강원도_축제_youngadult_female_echo_0500.mp3,축제, 해변 축제포로 가장께, 해변 축제포로 가장께,1,1,1,1,
강원도_축제_youngadult_female_echo_0515.mp3,축제, 축제 가서 만난 거 산옥자잉?, 축제 가서 만난 거 산혹자잉?,1,1,1,1,
강원도_축제_youngadult_female_echo_0577.mp3,축제, 대학 측제 구경가장 끼구만, 대학 측제 구경가장 끼구만,0,0,0,0,
강원도_축제_youngadult_female_nova_0512.mp3,축제, 제 초대가수 누구라고 그라데?, 제 초대가수 누구라고 그라데?,0,0,0,0,
강원도_축제_youngadult_female_nova_0553.mp3,축제, 족태 구경가의 사람, 족제 구경가의 사람,0,0,0,0,
강원도_축제_youngadult_female_nova_0556.mp3,축제, 축제 구경가의 사람?, 축제 구경가의 사람?,1,1,1,1,
강원도_축제_youngadult_female_onyx_0537.mp3,축제, 축제 일정 표정 봐도, 축제 일정 표정 봐도,1,1,1,1,
강원도_축제_youngadult_female_onyx_0586.mp3,축제, 이번에 축제에 뭐 한다냐?, 이번에 축제에 뭐 한다냐?,1,1,1,1,
강원도_축제_youngadult_female_shimmer_0597.mp3,축제, 대학 축제 구경과장께, 대학 축제 구경과장께,1,1,1,1,
강원도_축제_youngadult_male_alloy_0552.mp3,축제, 축제 가서 몸을 끌까구만, 축제 가서 뭐 먹을까구만,1,1,1,1,
강원도_축제_youngadult_male_alloy_0557.mp3,축제, 축제 갈라면 차 막힐김데?, 축제 갈라면 차 막힐김데?,1,1,1,1,
강원도_축제_youngadult_male_alloy_0573.mp3,축제, 축제 갈 때 뭐 이쁘고 갈까나?, 축제 갈 때 뭐 이쁘게 갈까?,1,1,1,1,
강원도_축제_youngadult_male_alloy_0598.mp3,축제, 쪽태 구경 갈 사람?, 쪽태 구경 갈 사람?,0,0,0,0,
강원도_축제_youngadult_male_alloy_0599.mp3,축제, 죽질 가서 맛있는 거 사먹자, 죽질 가서 맛있는 거 사먹자,0,0,0,0,
강원도_축제_youngadult_male_echo_0546.mp3,축제, 이번 축제는 좀 재밌겠나?, 이번 축제는 좀 재밌겠나?,1,1,1,1,
강원도_축제_youngadult_male_echo_0551.mp3,축제, 이번 측제는 모 좀 다른 거 하나, 이번 측제는 모 좀 다른 거 하나,0,0,0,0,
강원도_축제_youngadult_male_echo_0578.mp3,축제, 쭉쭉 가서 맛있는 거 사먹자, 쭉쭉 가서 맛있는 거 사먹자,0,0,0,0,
강원도_축제_youngadult_male_nova_0575.mp3,축제, 해변특제 보러 가자, 해병특제 보러 가자,0,0,0,0,
강원도_축제_youngadult_male_onyx_0523.mp3,축제, 해변 축제 보러가장계, 해변 축제 보러가장계,1,1,1,1,
강원도_축제_youngadult_male_onyx_0548.mp3,축제, 촉재 가슴 누구 온다냐?, 축제 가슴 누구 온다냐?,0,0,1,1,
강원도_축제_youngadult_male_onyx_0588.mp3,축제, 이번 축제는 못 좀 다른 거 하나, 이번 측제는 못 좀 다른 거 하나,1,1,0,1,
강원도_축제_youngadult_male_shimmer_0565.mp3,축제, 주말의 축제 구경이나 가자, 주말의 축제 구경이나 가자,1,1,1,1,
강원도_행사_child_female_alloy_0622.mp3,행사," 호항 행사 일정 확인할게요, 네?", 호항 행사 일정 확인할게요.,1,1,1,1,
강원도_행사_child_male_alloy_0625.mp3,행사, 내일 근처 행사 보이죠?, 내일 근처 행사 보이죠?,1,1,1,1,
강원도_행사_middleaged_male_onyx_0636.mp3,행사," ManufacturingUE情緒,從前完成相約看做工程生產看到美顧-班尾的圖片捏平 Pour Pressification","撥向慶席月中,我會開始見嚟攪仔",0,0,0,0,
강원도_행사_middleaged_male_shimmer_0653.mp3,행사, 무료 행사 있나요? 제주?, 무료 행사 있나요? 제주?,1,1,1,1,
강원도_행사_senior_female_alloy_0618.mp3,행사, 내일 근처 행사 뭐 있죠?, 내일 근처 행사 보이죠?,1,1,1,1,
강원도_행사_senior_female_echo_0610.mp3,행사, 가족이랑 갈만한 세종 행사 추천해 줍선해, 가족이랑 갈만한 세종 행사 추천해 줍선해,1,1,1,1,
강원도_행사_senior_female_nova_0689.mp3,행사, 2주 행사 일정 보여주겠네, 뒤주 행사 일정 보여주겠네,1,1,1,1,
강원도_행사_senior_female_onyx_0686.mp3,행사,充足兄弟就培好着,充足行inta协 就給着 李草,0,0,0,0,
강원도_행사_senior_female_shimmer_0671.mp3,행사, 청주 행사 유정 보여주겠네, 청주 행사 일정 보여주겠네?,1,1,1,1,
강원도_행사_senior_male_nova_0683.mp3,행사, 내일 근처 행사 보이죠?, 내일 근처 행사 보이죠?,1,1,1,1,
강원도_행사_youngadult_female_alloy_0635.mp3,행사," 왕 행사 일정 확인할게요, 네?", 왕 행사 일정 확인할게요.,1,1,1,1,
강원도_행사_youngadult_male_onyx_0674.mp3,행사, 호항 행사 일정 확인할게요., 호항 행사 일정 확인할게요.,1,1,1,1,
경상도_가족관계증명서_child_female_echo_0047.mp3,가족관계증명서, 지금 대출설위원 가족 증명서 주소 전체 출력 바로 발급해 주위가, 지금 대출설위원 가족 증명서 주소 전체 출력 바로 발급해 주위가,0,1,0,1,
경상도_가족관계증명서_child_female_nova_0037.mp3,가족관계증명서," 가능하면 빨리 대출 서류용 가족 관계 직명사 한프, 모바일 현재 조소만 발급해 주입니다."," 가능하면 빨리 대출 서류용 가족 관계 직량사 한포, 모바일 현재 조소만 발급해 주입니다.",0,1,0,1,
경상도_가족관계증명서_child_female_nova_0039.mp3,가족관계증명서, 그렇게 학교 세출용 가족 관계 증명서 내부 주민센터 주소 전체 출역 바로 발급해 주입니다. 하실이 난공 가족다시 차비열., 그렇게 학교 세출용 가족 관계 직명서 내부 주민센터 주소 전체 출역 바로 발급해 주입니다. 하실이 난공 가족다시 차비열.,1,1,0,1,
경상도_가족관계증명서_child_male_alloy_0061.mp3,가족관계증명서, 오늘 마 회사 제출용 가족관계 증명서 원부 정부 24 현재 조소만 대중해 주입니다. 하시코코 가족 188, 오늘 마 회사 제출용 가족관계 증명서 원부 정부 24 현재 조소만 대중해 주입니다. 하시코코 가족 188,1,1,1,1,
경상도_가족관계증명서_child_male_echo_0024.mp3,가족관계증명서, 당장 회사 제출용 가족 관계 증명서 일부 주민센터 주소 전체 출력 출력해 주위소, 당장 회사 제출용 가족 관계 증명서 일부 주민센터 주소 전체 출력 출력해 주이소,1,1,1,1,
경상도_가족관계증명서_child_male_onyx_0020.mp3,가족관계증명서, 당장마 학교 제출용 가족 증명서 두부 주민번호 뒷자리 비공개에 출력해도 되겠습니까? 하시테그 가족 688, 당장마 학교 제출용 가족 증명서 두부 주민번호 뒷자리 비공개에 출력해도 되겠습니까? 하시테그 가족 688,0,1,0,1,
경상도_가족관계증명서_child_male_onyx_0021.mp3,가족관계증명서, 가능하면 빨리 막 관공서 제출령 가족 증명서 두부 키디의 프로 과거 주소 포함 뽑아해도 되겠습니까? 하실발점 공이구 7, 가능하면 빨리 막 관공서 제출령 가족 증명서 두부 키디의 프로 과거 주소 포함 뽑아해도 되겠습니까? 하실발점 공이구 7,0,1,0,1,
경상도_가족관계증명서_child_male_shimmer_0062.mp3,가족관계증명서, 당장 얼른 가족 증명서 두부 주민센터 현재 주소만 출력해도 되겠습니다. 가족 증명서 두부 526, 당장 얼른 가족 증명서 두부 주민센터 현재 주소만 출력해도 되겠습니다. 가족 증명서 두부 526,0,1,0,1,
경상도_가족관계증명서_middleaged_female_echo_0063.mp3,가족관계증명서, 가능하면 빨리 가족 관계 직명서 1일 부 정부 24 과거 주소 포함 바로 뽑아해 주소, 가능하면 빨리 가족 관계 직명서 1일 부 정부 24 과거 주소 포함 바로 뽑아해 주소,0,1,0,1,
경상도_가족관계증명서_middleaged_female_shimmer_0003.mp3,가족관계증명서," 방금 얼른 광공서 제출용, 가족 증명서 내부 PDF로 주민번호 뒷자리 비공개 뽑아 해 주입니다. 하시타는 GY 가족 401공."," 방금 얼른 광공서 제출용, 가족 증명서 내부 PDF로 주민번호 뒷자리 비공개 뽑아 해 주입니다. 하스타는 GY 가족 401공.",0,1,0,1,
경상도_가족관계증명서_middleaged_female_shimmer_0033.mp3,가족관계증명서, 오늘 얼른 대출설용 가족 증명서 두부 무인 민원 발급기 과거 주소 포함 출력 좀 해줘, 오늘 얼른 대출 서류용 가족 증명서 두부 무인 민원 발급기 과거 주소 포함 출력 좀 해줘,0,1,0,1,
경상도_가족관계증명서_senior_male_alloy_0007.mp3,가족관계증명서, 지금 회사 제출용 가적 관계 증명서 내부 무인 민원 발급기 과거 주소 포함 바로 추격해 주위가, 지금 회사 제출용 가적 관계 증명서 내부 무인민원 발급기 과거 주소 포함 바로 추격해 주위가,0,1,0,1,
경상도_가족관계증명서_senior_male_echo_0085.mp3,가족관계증명서," 방금 마, 가족 관계 증명서 내부 PDF로 현재 조서만 출력해 주나?", 방금 마 가족 관계 증명서 내부 PDF로 현재 조서만 출력해 주나?,1,1,1,1,
경상도_가족관계증명서_youngadult_female_alloy_0029.mp3,가족관계증명서, 방금 관공서지투룡 가족관계 증명서 현재 주소만 출력 좀 해주입니다., 방금 관공서지투룡 가족관계 증명서 현재 주소만 출력 좀 해주입니다.,1,1,1,1,
경상도_가족관계증명서_youngadult_female_echo_0060.mp3,가족관계증명서, 안근 가족 직명서 두 분 정부 24대 좀 해 주라, 안근 가족 증명서 두 분 정보 24대 좀 해 주라,0,1,0,1,
경상도_가족관계증명서_youngadult_female_shimmer_0059.mp3,가족관계증명서," 그렇게 입사 지원 서류, 가족 증명서 모바일 과거주소 포함, 대조해 주입니다. 하시바십, 지와의 가족, 친 6구."," 그렇게 입사 지원 서류, 가족 증명서 모바일 과거주소 포함, 대조해 주입니다. 하시바십, 지와의 가족, 친 6구.",0,1,0,1,
경상도_가족관계증명서_youngadult_male_nova_0015.mp3,가족관계증명서, 가능한은 빨리 마 관공서 제출용 가족 증명서 내부 무인 민원 발급기 출력해 주의가 해식 가족 가족구이, 가능한은 빨리마 관공서 제출용 가족 증명서 내부 무인 민원 발급기 출력해 주의가 해식 가족 가족구이,0,1,0,1,
경상도_가족관계증명서_youngadult_male_nova_0026.mp3,가족관계증명서, 방금 얼른 입사지원 서류 가족관계 직명서 두부 주민센터 주민번호 뒷자리 비공개 바로 발급해 주의카, 방금 얼른 입사 지원 서류 가족관계 직명서 두부 주민센터 주민번호 뒷자리 비공개 바로 발급해 주위카,0,1,0,1,
경상도_건강보험자격득실확인서_child_female_nova_0129.mp3,건강보험자격득실확인서, 당장마 건강보험 자격득실 확인서입 후 비디의 프로현재 주소만 뽑아야지 가, 당장마 건강보험 자격득실 확인서입 후 비디의 프로현재 주소만 뽑아야지 가.,1,1,1,1,
경상도_건강보험자격득실확인서_child_male_echo_0175.mp3,건강보험자격득실확인서, 지금 그렇게 입사지원 서류 자격득실 확인서 3보 주민센터 바로 발급해 주소, 지금 그렇게 입사지원 서류 자격득실 확인서 3보 주민센터 바로 발급해 주소,0,1,0,1,
경상도_건강보험자격득실확인서_child_male_echo_0188.mp3,건강보험자격득실확인서," 당장 관공서 제출용, 건보 자격득시 확인서 한부, 키디에 프로 주민번호 뒷자리 피공개 바로 발급해 주라"," 당장 관공서 제출용, 건보 자격득시 확인서 한 부, 키디에 프로 주민번호 뒷자리 피공개 바로 발급해 주라.",0,1,0,1,
경상도_건강보험자격득실확인서_middleaged_female_echo_0140.mp3,건강보험자격득실확인서, 방금 관공소 제출연 건강보험 자격득실 확인서 3부 5바일 때에 주소, 방금 관공소 제출연 건강보험 자격득실 확인서 3부 5바일 때에 주소,1,1,1,1,
경상도_건강보험자격득실확인서_middleaged_female_shimmer_0198.mp3,건강보험자격득실확인서, 가능하면 빨리 회사 제출용 건보 자격특실 확인서 내부 뽑아야 될까?, 가능하면 빨리 회사 제출용 건보 자격특실 확인서 내부 뽑아야 될까?,0,1,0,1,
경상도_건강보험자격득실확인서_middleaged_male_shimmer_0107.mp3,건강보험자격득실확인서, 당장 긁해 광공사 제출용 건강 모험 자격득실 확인서 일부 PDF로 주소 전체 출역 출력해 주위소, 당장 긁해 광공사 제출용 건강 모험 자격득실 확인서 일부 PDF로 주소 전체 출역 출력해 주위소,0,1,0,1,
경상도_건강보험자격득실확인서_senior_female_echo_0155.mp3,건강보험자격득실확인서," 방금 긁회 회사 제출용, 건강보험 자격득실 확인서 내부, 무인 민원 발급기 주소, 전체 출력 출력해도 되겠습니까?"," 방금 긁회 회사 제출용, 건강보험 자격득실 확인서 내부, 무인 민원 발급기 주소, 전체 출력 출력해도 되겠습니까?",1,1,1,1,
경상도_건강보험자격득실확인서_senior_female_echo_0158.mp3,건강보험자격득실확인서, 지금 대출 서류용 건강보험 자격특실 확인서 두부 PDF로 주민번호 뒷자리 비공개 바로 뽑아해 주이서, 지금 대출 서류용 건강보험 자격특실 확인서 두 부 PDF로 주민번호 뒷자리 비공개 바로 뽑아해 주이서,0,1,0,1,
경상도_건강보험자격득실확인서_senior_female_echo_0193.mp3,건강보험자격득실확인서, 방금 관공서 제출용 건보 자격득실 확인서 주민센터 주소 전체출력 뽑아줍니다., 방금 관공서 제출용 건보 자격득실 확인서 주민센터 주소 전체출력 뽑아줍니다.,0,1,0,1,
경상도_건강보험자격득실확인서_senior_male_echo_0191.mp3,건강보험자격득실확인서, 오늘 학교 제출룡 자격득실 확인서 일부 정부 24주 민번호 뒷자리 비공개 뽑아 해도 되겠습니까?, 오늘 학교 제출룡 자격득실 확인서 일부 정부 24주 민번호 뒷자리 비공개 뽑아 해도 되겠습니까?,0,1,0,1,
경상도_건강보험자격득실확인서_senior_male_shimmer_0124.mp3,건강보험자격득실확인서, 지금 글께 회사 제출용 건부 자격득실 확인서 모바일 주소 전체 출력 뽑아 좀 해줘라, 지금 글께 회사 제출용 건보 자격득실 확인서 모바일 주소 전체 출력 뽑아 좀 해줘라,0,1,0,1,
경상도_건강보험자격득실확인서_youngadult_female_echo_0166.mp3,건강보험자격득실확인서, 담장마 입사지원 소류 건강보험 자격득실 확인서 일부 바로 뽑아주의소, 잠장마 입사지원 소류 건강보험 자격득실 확인서 일부 바로 뽑아주위소,1,1,1,1,
경상도_건강보험자격득실확인서_youngadult_female_shimmer_0194.mp3,건강보험자격득실확인서, 지금 대출서를 이용 건부 자격특실 확인서 정부 24 현재 주소만 발급해도 되겠습니까?, 지금 대출서를 이용 건보 자격특실 확인서 정부 24 현재 주소만 발급해도 되겠습니까?,0,1,0,1,
경상도_건강보험자격득실확인서_youngadult_male_echo_0130.mp3,건강보험자격득실확인서," 얼른 관공서 제출용, 건보 자격득실 확인서 이부, 무인 민원 바이급기, 과거 주소 포함대에 주나?"," 얼른 관공서 제출용, 건보 자격득실 확인서 이부, 무인 민원 바이급기, 과거 주소 포함대에 주나?",0,1,0,1,
경상도_날씨_child_female_echo_0262.mp3,날씨, 이번 주말 아침 우산 필요 하나 여수 알려주이소, 이번 주말 아침 우산 필요하나 여수 알려주이소,0,0,0,0,
경상도_날씨_child_female_onyx_0221.mp3,날씨, 다음 주말 밤 서울강수 확률 알려주기 소 부탁합니다., 다음 2월 밤 서울 강수 확률 알려주기 소 부탁합니다.,0,0,0,0,
경상도_날씨_child_female_onyx_0233.mp3,날씨, 내일 아침 세종 강소 항료를 알려주기소, 내일 아침 세종 강소학률 알려주기소,0,0,0,0,
경상도_날씨_child_female_shimmer_0239.mp3,날씨, 저녁에 포황 기운 좀 알려주기소, 저녁에 포황 기운 좀 알려주이소,0,0,0,0,
경상도_날씨_child_male_nova_0259.mp3,날씨, 올해 전역 부산 강수 확률 알려주기소 보이소, 올해 전역 부산 강수 확률 알려주기소 보이소,0,0,0,0,
경상도_날씨_child_male_nova_0261.mp3,날씨, 다음 주말 오후 체감 온도 어떻습니까? 의싼 보이소, 다음 주말 오후 체감 온도 어떻습니까? 울산 보이소,0,0,0,0,
경상도_날씨_child_male_shimmer_0224.mp3,날씨, 이번 주 금요일 전역 목포 강수 항리를 알려주기소 부탁합니다., 이번 주 금요일 전역 목포 강수 확률 알려주기소 부탁합니다.,0,0,0,0,
경상도_날씨_middleaged_female_onyx_0263.mp3,날씨, 모래 밤 제주 미세먼지 어떤 놈 알려주이소," 모래 밤, 새주 미세먼지 어떤 놈 알려주이소",0,0,0,0,
경상도_날씨_middleaged_female_shimmer_0247.mp3,날씨, 이번 주멀 밤 포항 날씨 어떤 놈?, 이번 주멀 밤 포항 날씨 어떤 놈?,1,1,1,1,
경상도_날씨_middleaged_male_alloy_0215.mp3,날씨," 매일 밤 체감 온도 어떻습니까, 여수? 보이소?"," 매일 밤 체감원도 어떻습니까, 여수? 보이소?",0,0,0,0,
경상도_날씨_senior_female_alloy_0260.mp3,날씨, 이번주 금요일 오후 울산 다시 얻었노?, 이번주 금요일 오후 우산 대쇼톤 넣어?,0,0,0,0,
경상도_날씨_senior_female_echo_0203.mp3,날씨, 전역의 창원 비워나 알려주기소, 전역의 창원 비워나 알려주기소,0,0,0,0,
경상도_날씨_senior_male_alloy_0237.mp3,날씨, 다음 주말 전역 광주 미세먼지 어떤 노 알려주이소, 다음 주말 전역 광주 미세먼지 어떤 노 알려주이소,0,0,0,0,
경상도_날씨_senior_male_onyx_0229.mp3,날씨, 이번 주말 고산 미세먼지 어떤 노 부탁합니다., 이번 주말 고산 미세먼지 어떤 노 부탁합니다.,0,0,0,0,
경상도_날씨_senior_male_shimmer_0207.mp3,날씨, 저녁에 세종 날씨 요약 좀 해주이소, 저녁에 세종 날씨 요약 좀 해주이소,1,1,1,1,
경상도_날씨_senior_male_shimmer_0285.mp3,날씨, 모래 저녁 서울 미세먼지 어떤 노?, 모래 저녁 서울 미세먼지 어떤 노?,0,0,0,0,
경상도_날씨_youngadult_female_onyx_0220.mp3,날씨, 오후의 포항 비어나 확인할 라카이, 오후의 포항 비어나 확인할 라카이,0,0,0,0,
경상도_날씨_youngadult_male_onyx_0226.mp3,날씨, 다음 주말 오후 체감원도 어떻습니까? 순천 보이소, 다음 주말 오후 체감원도 어떻습니까? 순천 보이소,0,0,0,0,
경상도_등본_child_female_alloy_0371.mp3,등본, 회사 제출형 주민 등록 등분 EVPDF로 과거 주소 보안 바로 발급해지나?, 회사 재출형 주민 등록 등분 EV PDF로 과거 주소 보안 바로 발급해지나?,0,1,0,1,
경상도_등본_child_male_nova_0317.mp3,등본," 방균 마, 입사지원 서류 등본 주민센터 주소 전체 출략 발급해지입니다."," 방균마, 입사지원 서류 등본 주민센터 주소 전체 출략 발급해지입니다.",1,1,1,1,
경상도_등본_child_male_onyx_0331.mp3,등본, 얼른 대출서를 이용 주민 등록 등몬 일부 PDF로 대중해 주입니다., 얼른 대출서를 이용 주민등록 등몬 일부 PDF로 대중해 주입니다.,0,1,0,1,
경상도_등본_child_male_shimmer_0391.mp3,등본, 오늘 그렇게 개출 서류 영 주민등록 등본 두부 PDF으로 주소 전체 출혁 뽑아 좀 해줄까, 오늘 그렇게 개출설의 영 주민등록 등론 두부 PDF로 주소 전체 출력 뽑아 좀 해줄까,1,1,0,1,
경상도_등본_middleaged_female_echo_0377.mp3,등본, 오늘 등본 일부 주소 전체 출력 대해도 되겠습니까?, 오늘 등본 일부 주소 전체 출력 대해도 되겠습니까?,1,1,1,1,
경상도_등본_middleaged_male_alloy_0351.mp3,등본, 지금 관공서 제주룡 등본 내부 주민센터 주민 번호 뒷자리 비공개 뽑아 해 주포, 지금 관공서 제주룡 등본 내부 주민센터 주민 번호 뒷자리 비공개 뽑아 해 주포,1,1,1,1,
경상도_등본_middleaged_male_echo_0300.mp3,등본, 앙금 회사 제출룡 주민등록 등론 한부 무인 민원 발급기 주소 전체 출력 바로 발급해 주입니다., 앙금 회사 제출룡 주민등록 등론 한부 무인민원 발급기 주소 전체 출력 바로 발급해 주입니다.,0,1,0,1,
경상도_등본_middleaged_male_echo_0352.mp3,등본, 가능하면 빨리 마 입사 지원 서류 주민등록 등몬 한부 무인 민원 바이 급기 주소 전체 출력 바로 때에 주소, 가능하면 빨리 마 입사 지원 서류 주민등록 등몬 한부 무인 민원 바이 급기 주소 전체 출력 바로 때에 주소,0,1,0,1,
경상도_등본_middleaged_male_echo_0362.mp3,등본, 얼른 등본 한부 현재 주소만 출력해 주입니다. 하슈기 등본 485, 얼른 등본 한부 현재 주소만 출력해 주입니다. 하슈기 등본 485,1,1,1,1,
경상도_등본_middleaged_male_echo_0387.mp3,등본, 회사 제치용 등분산부 주민센터 뽑아야 주니까?, 회사 제치용 뒤본산부 주민센터 뽑아주니까?,0,1,0,1,
경상도_등본_middleaged_male_nova_0304.mp3,등본," 지금 마, 관공서 제출용 등본 내부, 모바일 현재 주소만 뽑아해도 되겠습니까?"," 지금 마, 관공서 제출용 등본 내부 모바일 현재 주소만 뽑아해도 되겠습니까?",1,1,1,1,
경상도_등본_middleaged_male_onyx_0363.mp3,등본, 오늘 그렇게 광공서 제출용 주민등록 등본 세부 주민센터 과거 주소 포함 출력해도 되겠습니까?, 오늘 그렇게 광공서 제출용 주민등록 등본 세부 주민센터 과거 주소 포함 출력해도 되겠습니까?,1,1,1,1,
경상도_등본_senior_female_alloy_0312.mp3,등본," 가능하면 빨리 얼른 광공서 제출용, 주민등록 등몬 두부 현재 주소만 출력점 해지소"," 가능하면 빨리 얼른 광공서 제출용, 주민등록 등몬 두부 현재 주소만 출력점 해주소",0,1,0,1,
경상도_등본_senior_female_onyx_0354.mp3,등본, 가능하면 빨리 그렇게 주민등록 등몬 두부 주민센터 과거 주소 포함 발급해도 되겠습니까?, 가능하면 빨리 그렇게 주민등록 등몬 두부 주민센터 과거 주소 포함 발급해도 되겠습니까?,0,1,0,1,
경상도_등본_senior_female_onyx_0364.mp3,등본, 오늘 얼른 학교 제출력 주민등록 등본 내부 주민번호 뒷자리 비공개 때도 되겠습니까?, 오늘 얼른 학교 제출력 주민등록 등본 내부 주민번호 뒷자리 비공개 때도 되겠습니까?,1,1,1,1,
경상도_등본_senior_male_echo_0313.mp3,등본, 암금마 회사 제출용 주민등록 등몬 내부 발급 좀 해주위소, 암금마 회사 제출용 주민등록 등몬 내부 발급 좀 해주위소,0,1,0,1,
경상도_등본_senior_male_shimmer_0310.mp3,등본, 오늘 얼른 대출 서류형 등본 모인 민원 발급기 주소 전체 출력 대회도 되겠습니다., 오늘 얼른 대출 서류형 등본 모인 민원 발급기 주소 전체 출력 대회도 되겠습니까?,1,1,1,1,
경상도_등본_youngadult_female_echo_0348.mp3,등본, 당장 회사 제출룡 등분 내부 주민센터 과거 주소 포함 바로 출력해 주의가, 당장 회사 제출룡 등분 내부 주민센터 과거 주소 포함 바로 출력해 주의가,0,1,0,1,
경상도_등본_youngadult_male_echo_0350.mp3,등본, 가능하면 빨리 마 학교 제출령 등분 내부 PDF로 과거 주소 포한 발급해 주입니다. 한국 등분 3국 굴력, 가능하면 빨리 마 학교 제출령 등본 내부 PDF로 과거 주소 포한 발급해 주입니다. 한국 등본 3국 굴력,0,1,1,1,
경상도_초본_child_female_onyx_0404.mp3,초본," 지금 긁해 초본 내부 주민센터, 현재 주소만 때 해도 되겠습니다."," 지금 긁해 초본 내부 주민센터, 현재 주소만 때에도 되겠습니다.",1,1,1,1,
경상도_초본_child_male_nova_0412.mp3,초본, 가능하면 빨리 입사 지원 서류 초본 한부 주민센터 현재 주소만 바로 출력해주소, 가능하면 빨리 입사 지원 서류 초본 한부 주민센터 현재 주소만 바로 출력해주소,1,1,1,1,
경상도_초본_child_male_nova_0451.mp3,초본, 앙장 얼른 대출 서류형 초본 일부 바로 때의 주위소, 앙장 얼른 대출 서류형 초본 일부 바로 때의 주위소,1,1,1,1,
경상도_초본_child_male_nova_0464.mp3,초본, 오늘 마 학교 제출용 초본 정보 24 현재 조소만 바로 출력해 주위소, 오늘 마 학교 제출용 초본 정보 24 현재 조소만 바로 출력해 주위소,1,1,1,1,
경상도_초본_child_male_onyx_0448.mp3,초본," 오늘 마, 학교 재출용 주민등록 조본 일부, 주민센터 출력해 주입니다."," 오늘 마, 학교 재출용 주민등록 초보 일부 주민센터 출력해 주입니다.",0,1,0,1,
경상도_초본_child_male_shimmer_0462.mp3,초본, 지금 회사 제출용 주민등록 초본한 부 무바일 과거 주소 보안 바로 발급해 주이카 486, 지금 회사 재출용 주민등록 초본한 부 모바일 과거 주소 보안 바로 발급해 주이카 486,1,1,1,1,
경상도_초본_middleaged_female_alloy_0410.mp3,초본, 가능하면 빨리 대출 서류형 초본 일부 모바일 바로 뽑아 해 주이소, 가능하면 빨리 대출 서류용 초본 일부 모바일 바로 뽑아 해 주이소,1,1,1,1,
경상도_초본_middleaged_female_alloy_0452.mp3,초본, 주민등록 초본 과거 주소 포함 발급 좀 해주라, 주민등록 초본 과거 주소 포함 발급 좀 해주라,1,1,1,1,
경상도_초본_middleaged_female_onyx_0487.mp3,초본, 가능하면 빨리 마 초본 3부 PD에 부로 뽑아줌 해주이소, 가능하면 빨리 마 초본 3부 PD에 부로 뽑아줘요.,1,1,1,1,
경상도_초본_middleaged_female_onyx_0491.mp3,초본, 가능하면 빨리 얼른 대출서를用 초본 3부 무인민원 발급기 때에 주의가, 가능하면 빨리 얼른 대출서를用 초본 3부 무인민원 발급기 때에 주의가,1,1,1,1,
경상도_초본_middleaged_female_shimmer_0417.mp3,초본, 안장 긁해 입사 지원서를 주민등록 처벌 모바일 주소 전체 출력 대해도 되겠습니까?, 안장 긁해 입사 지원서를 주민 등록 처벌 모바일 주소 전체 출력 대해도 되겠습니까?,0,1,0,1,
경상도_초본_middleaged_male_onyx_0400.mp3,초본," 지금 그렇게 회사 제출용, 초본 한부, 무인 민원 발급기 바로 때 해 주입니다."," 지금 그렇게 회사 제출용, 초본 한부, 무인 민원 발급기 바로 때 해 주입니다.",1,1,1,1,
경상도_초본_middleaged_male_shimmer_0454.mp3,초본, 안금 초본 이부 모바일 과거 주소 보안 출력 좀 해줘라, 안금 초본 이브 모바일 과거 주소 보안 출력 좀 해줘라,1,1,1,1,
경상도_초본_senior_male_echo_0450.mp3,초본," 얼른 학교 제 출용 초본 두 보 무인 민원 발급기 출력해도 되겠습니까? 하슈, 주이외 초본 397"," 얼른 학교 제 출용 초본 두 보 무인 민원 밝음기 출력해도 되겠습니까? 하슈, 주이외 초본 397",1,1,1,1,
경상도_초본_senior_male_shimmer_0477.mp3,초본, 방금 긁해 주민등록 처벌 정부 24대 좀 해 줄아, 방금 긁해 주민등록 처벌 정부 24대 좀 해줘라,0,1,0,1,
경상도_초본_youngadult_female_echo_0431.mp3,초본, 지금 학교 제출룡 초번댄부 PDF로 현재 주소만 떼주라, 지금 학교 제출룡 초번댄부 PDF로 현재 주소만 떼주라,0,0,0,0,
경상도_초본_youngadult_female_onyx_0413.mp3,초본, 오늘 막 학교 제출용 초본 한부 주민센터 주소 전체 출역 바로 출역해 주위소, 오늘 막 학교 제출용 초본 한부 주민센터 주소 전체 출역 바로 출역해 주위소,1,1,1,1,
경상도_초본_youngadult_male_alloy_0471.mp3,초본, 오늘 마 회사 제출용 초본 두부 pdf로 주소 전체 출력 발급점 해주이소, 오늘 마 회사 제출용 초본 두부 PDF로 주소 전체 출력 발급점 해주이소,1,1,1,1,
경상도_초본_youngadult_male_shimmer_0463.mp3,초본, 당장 그렇게 관공서 제출용 초분일부 정부 24출력 좀 해주라., 당장 그렇게 관공서 제출용 초분일부 정부 24출력 좀 해줘라.,0,0,0,0,
경상도_행사_child_female_alloy_0621.mp3,행사, 오후의 광주 이번 주 축제 모공 부탁합니다., 오후의 광주 이번 주 축제 모공 부탁합니다.,0,0,0,0,
경상도_행사_child_female_alloy_0629.mp3,행사, 아침에 가족이랑 갈만한 대구 행사 추천해주소, 아침에 가족이랑 갈만한 대구 행사 추천해주소,1,1,1,1,
경상도_행사_child_female_nova_0624.mp3,행사, 밤에 무료 행사 있으니깐 전주 보이소, 밤에 무료 행사 있으니깐 전주 보이소,1,1,1,1,
경상도_행사_child_female_shimmer_0647.mp3,행사, 밤에 대전 2번 주 축제 보고 부탁합니다., 밤에 대전 이번 주 축제 보고 부탁합니다.,0,0,0,0,
경상도_행사_child_male_alloy_0615.mp3,행사, 전역의 창원 행사 일정 확인하러 가이보이소, 전역의 창원 행사 일정 확인하러 가이보이소,1,1,1,1,
경상도_행사_child_male_alloy_0639.mp3,행사, 오늘 아침 제주 풀림 마켓 합니까? 보이소?, 오늘 아침 제조 풀림 마켓 합니까? 보이소?,0,0,0,0,
경상도_행사_child_male_alloy_0685.mp3,행사, 다음 주말 밤 제주 플리 마켓 합니 거 확인할 나갈, 다음 주말 밤 제주 플리 마켓 합니까? 확인할 나갈!,0,0,0,0,
경상도_행사_child_male_nova_0603.mp3,행사, 밤에 쏜 행사일정 확인하라 카이 보이소, 밤에 수원 행사를 덩 확인하라 카이 보이소,1,1,1,1,
경상도_행사_child_male_onyx_0607.mp3,행사, 아침에 목포 행사율정 확인할 라카이 알려주기소, 아침에 목포 행사율정 확인할 락카이 알려주기소,1,1,1,1,
경상도_행사_middleaged_female_echo_0663.mp3,행사, 이번 주 금요일 아침 여수행사 뭐 있나 알려주기소, 이번 주 금요일 아침 여수행사 뭐 있나 알려주시소,1,1,1,1,
경상도_행사_middleaged_male_onyx_0637.mp3,행사, 내 저녁곡 포축제 일정점 알려주기소, 내 저녁 곡포 축제 일정점 알려주기소,0,0,0,0,
경상도_행사_middleaged_male_onyx_0659.mp3,행사, 다음 주말 밤 부산 행사 모인 노 알려주이소, 다음 주말 밤 부산 행사 모인 노 알려주이소,1,1,1,1,
경상도_행사_youngadult_female_nova_0620.mp3,행사, 모래전 옆 청주 플리마켓 탑니거 확인할 라카이, 모래전 옆 청주 플리마켓 탑니거 확인할 라카이,0,0,0,0,
경상도_행사_youngadult_female_nova_0633.mp3,행사, 이번 주말 아침 인천 행사 보인 놈 알려주이소, 이번 짐아 라침 인천 행사 보인 놈 알려주이소,1,1,1,1,
경상도_행사_youngadult_female_shimmer_0626.mp3,행사, 모레아 지금 포항 풀리막에 탑니 꺼 부탁합니다, 모레아 지금 포항 풀리막에 탑니 꺼 부탁합니다,0,0,0,0,
경상도_행사_youngadult_male_alloy_0661.mp3,행사, 아침에 인천 동네 행사 정보 보여주기소 부탁합니다., 아침에 인천 동네 행사 정보 보여주기소 부탁합니다.,1,1,1,1,
경상도_행사_youngadult_male_echo_0660.mp3,행사, 다음 주말 아침 전주행사 모인 놈 보이소, 다음 주말 아침 전주행사 모인 놈 보이소,1,1,1,1,
경상도_행사_youngadult_male_shimmer_0662.mp3,행사, 이번 주말 전역 여수 공연 일정 알려주기소 확인할 날라開, 이번 주말 전역 여수 공연 일정 알려주기소 확인할 락할,0,1,0,1,
전라도_가족관계증명서_child_female_echo_0068.mp3,가족관계증명서, 아이가 회사 제출용 가족관계 직명서 이부 현재 주소만 발급표부러행, 아이가 회사 제출용 가족관계 증명서 이부 현재 주소만 발읙을 펴보러 잉,0,1,1,1,
전라도_가족관계증명서_child_male_echo_0065.mp3,가족관계증명서," 인, 가족 관계 직명서 3부, 정부 24, 현재 두 소만 바로 떼어볼 한게"," 인, 가족 관계 직명서 3부, 정부 24, 현재 두서만 바로 떼어볼한게",0,1,0,1,
전라도_가족관계증명서_child_male_echo_0080.mp3,가족관계증명서," 아록관계 증명서 이부 정부 24, 과거 주소 코암 뽑아혀부러행"," 아록관계 증명서 이부 정부 24, 과거주소 코암 뽑아혀부러행",0,1,0,1,
전라도_가족관계증명서_middleaged_female_echo_0090.mp3,가족관계증명서, 지금 아이고. 회사 제출용 가족 직량서 한부 바로 뽑아 해 줄 아잉?," 지금 아이고, 회사 제출용 가족 직량서 한부 바로 뽑아 해 줄 아잉?",0,1,0,1,
전라도_가족관계증명서_senior_female_alloy_0014.mp3,가족관계증명서, 지금 그라면 학교 제출용 가족관계 직명서 내부 출력 협으로 인?, 지금 그라면 학교 제출용 가족관계 직명서 내부 출력 협으로 인?,0,1,0,1,
전라도_가족관계증명서_senior_female_alloy_0032.mp3,가족관계증명서, 그러면 학교 제출용 가족관계 증명서 내부 정부 24 주민번호 뒷자리 비공개 바로 뽑아 해 주시오, 그러면 학교 제출용 가족관계 증명서 내부 정부 24 주민번호 뒷자리 비공개 바로 뽑아 해 주시오,1,1,1,1,
전라도_가족관계증명서_senior_female_echo_0078.mp3,가족관계증명서," 오늘 가족 직망서 일부, WIN MINHON, 발끝기, 주민번호, 뒷다리 비공개 추력협으로 인"," 오늘 가족 직망서 일부, 위인 민원, 발급기, 주민번호, 뒷다리 비공개 추력협으로 인",0,1,0,1,
전라도_가족관계증명서_senior_female_onyx_0057.mp3,가족관계증명서, 가능하면 빨리 아이고 회사 제출용 가족 직명서 두부 PDF 그룹 뽑아요., 가능하면 빨리 아이고 회사 제출용 가족 직명서 두부 PDF 그룹 뽑아요.,0,1,0,1,
전라도_가족관계증명서_senior_female_shimmer_0081.mp3,가족관계증명서, 오늘 관공서 제출룬 가족관계 증명사 모인 민원 발급기 바로 출력해 주소," 오늘 관공서 제출룬 가족관계 증명사, 모인 민원 발급기 바로 출력해 주소.",0,1,0,1,
전라도_가족관계증명서_senior_female_shimmer_0097.mp3,가족관계증명서, 당장 가족 증명서 내부 주민센터 현재 주소만 뽑아줌 해주소," 한 장 가족 증명서 내부, 주민센터 현재 주소만 뽑아줌 해주소",0,1,0,1,
전라도_가족관계증명서_senior_male_nova_0042.mp3,가족관계증명서, 가능하면 빨리 아이고 가족 관계 증명서 일부 모바일 과거 주소 포함 뽑아해 주소, 가능하면 빨리 아이고 가족 관계 증명서 일부 모바일 과거 주소 포함 뽑아해 주소,1,1,1,1,
전라도_가족관계증명서_youngadult_female_alloy_0000.mp3,가족관계증명서, 암장인 대출설 이용 가족관계 직영사 PDF로 과거 주소 포함 추격 좀 해주소 하시 제이 가족 320, 암장인 대추설 이용 가족관계 직영서 PDF로 과거 주소 포함 추격 좀 해주소 하시 제이 가족 320,0,1,0,1,
전라도_가족관계증명서_youngadult_female_echo_0088.mp3,가족관계증명서, 지금 그라면 관공서 제출용 가족 증명서 한부 주민센터 주민번호 뒷자리 비공개 발급해주셔잉, 지금 그라면 관공서 제출용 가족 증명서 한부 주민센터 주민번호 뒷자리 비공개 발급해주셔잉,0,1,0,1,
전라도_가족관계증명서_youngadult_female_nova_0011.mp3,가족관계증명서, 가능하면 빨리 그라면 광공서 제출료용 가족 증명서 일부 무인 민원 발급기 현재 추소만 바로 떼버려요., 가능하면 빨리 그라면 광공서 제출료용 가족 증명서 일부 무인 민원 발급기 현재 추소만 바로 떼버려요.,0,1,0,1,
전라도_가족관계증명서_youngadult_female_nova_0038.mp3,가족관계증명서," 오늘 그러면 가족 관계 측명서 내부 무인 민원 발극기 현재 주소만 대조해주시오. 제의 가족, 사고기."," 오늘 그러면 가족 관계 측명서 내부 무인 민원 발극기 현재 주소만 떼 좀 해주시오 제의 가족, 사고기",0,1,0,1,
전라도_가족관계증명서_youngadult_female_onyx_0001.mp3,가족관계증명서, 지금 아이고 관공서 제출룬 가족 관계 증명서 한 부 출력해 주시오, 지금 아이고 관공서 제출용 가족 관계 증명서 한 부 출력해 주시오,1,1,1,1,
전라도_건강보험자격득실확인서_child_female_alloy_0108.mp3,건강보험자격득실확인서, 지금 건강보험 자격득실 확인서 내부 PDF로 주소 전체 출력 대해 주시오, 지금 건강보험 자격득실 확인서 내부 PDF로 주소 전체 출력 대해 주시오,1,1,1,1,
전라도_건강보험자격득실확인서_child_female_alloy_0172.mp3,건강보험자격득실확인서, 아이고 자격득 실 확인서 떼어버러잉, 아이고 자격득 씨로 확인서 떼어버러잉,0,1,0,1,
전라도_건강보험자격득실확인서_child_male_echo_0100.mp3,건강보험자격득실확인서, 바로 관공서 대출용 건보 자격득실 확인서 모바일 과거 주소 포함 발급점 해주소, 아로우 관공서 대출용 건보 자격득실 확인서 모바일 과거 주소 포함 발급점 해주소,0,1,0,1,
전라도_건강보험자격득실확인서_child_male_nova_0105.mp3,건강보험자격득실확인서," 가능하면 빨리 그라면 대출서유요, 건부 자격 특실 확인서 두 분 정부 24 뽑아해 주셔야 인"," 가능하면 빨리 그라면 대출서유요, 건부 자격 특실 확인서 두 분 정부 24 뽑아해 주셔야인",0,1,0,1,
전라도_건강보험자격득실확인서_child_male_nova_0106.mp3,건강보험자격득실확인서, 그러면 입사지만 서류 건강보험 자격득실 확인서 한 부 모바일 과거 주소포한 출력협와 인, 그러면 입사지만 서류 건강보험 자격득실 확인서 한 부 모바일 과거 주소포한 출력협와 인,1,1,1,1,
전라도_건강보험자격득실확인서_child_male_onyx_0123.mp3,건강보험자격득실확인서, 회사 제출용 자격득실 확인서 내부 주소 전체 출혁 바로 발급해주셔인, 회사 제출용 자격득실 확인서 내부 주소 전체 출혁 바로 발급해주셔인,0,1,0,1,
전라도_건강보험자격득실확인서_child_male_shimmer_0111.mp3,건강보험자격득실확인서, 가능하면 빨리그라면 회사 제출용 건보 자격득실 확인서 현재 주소만 때 좀 해주시오, 가능하면 빨리그라면 회사 제출용 건보 자격득실 확인서 현재 주소만 때 좀 해주시오,0,1,0,1,
전라도_건강보험자격득실확인서_middleaged_female_alloy_0164.mp3,건강보험자격득실확인서, 오늘 그라멘 회사 제출용 자격특시 확인도 한부 주민센터 주소 전체출력 달급 혜불화인, 오늘 그라멘 회사 제출용 자격특시 확인서 한부 주민센터 주소 전체출력 달급 호불화인,0,1,0,1,
전라도_건강보험자격득실확인서_middleaged_female_onyx_0119.mp3,건강보험자격득실확인서, 가능하면 빨리 아이고 회사 제출용 자격득실 확인서 2부 모바일 주민번호 뒷자리 비공개 뽑아주시오, 가능하면 빨리 아이고 회사 제출용 자격득실 확인서 2부 모바일 주민번호 뒷자리 비공개 뽑아주시오,0,1,0,1,
전라도_건강보험자격득실확인서_middleaged_female_shimmer_0165.mp3,건강보험자격득실확인서," 안금인, 대출서를 이용 건강보험 자격득실 확인서 세부 발급해볼 함께"," 안금인, 대출서를 이용 건강보험 자격득시 확인서 세부 발급해보란게",1,1,0,1,
전라도_건강보험자격득실확인서_middleaged_male_alloy_0150.mp3,건강보험자격득실확인서, 당장인 학교 제출용 자격특실 확인서 두부 주민센터 과거 주소 포함 뽑아혀보려인?, 당장인 학교 제출용 자격특실 확인서 두부 주민센터 과거 주소 포함 뽑아혀보러인?,0,1,0,1,
전라도_건강보험자격득실확인서_senior_male_nova_0148.mp3,건강보험자격득실확인서, 당장 그라면 회사 제출용 건보 자격득실 확인서 두부 때 좀 해주소., 당장 그라면 회사 제출용 건보 자격득실 확인서 두부 때 좀 해주소,0,1,0,1,
전라도_건강보험자격득실확인서_senior_male_onyx_0128.mp3,건강보험자격득실확인서, 당장 아이고 대출 서류용 자격득실 확인소 일부 주민센터 과거 주소 포함 출력 협료인, 당장 아이고 대출 서류용 자격택실 확인소 일부 주민센터 과거 주소 포함 출력 협로인,0,1,0,1,
전라도_건강보험자격득실확인서_senior_male_onyx_0163.mp3,건강보험자격득실확인서," 방금 아이고 회사제 출용, 건강보험 자격특실 확인서 한 부, 주민번호 뒷자리 비공개 바로 뽑아여버려요."," 방금 아이고 회사제 출용, 건강보험 자격특실 확인서 한 부, 주민번호 뒷자리 비공개 바로 뽑아여버려요.",0,1,0,1,
전라도_건강보험자격득실확인서_senior_male_shimmer_0135.mp3,건강보험자격득실확인서, 가능하면 빨리 아이고 대출 서류용 건보 자격득실 확인서 세 부 과거 주소포한 뽑아혀부러행?, 가능하면 빨리 아이고 대출 서류용 건보 자격득실 확인서 세부 과거 주소포한 뽑아혀부러인?,0,1,0,1,
전라도_건강보험자격득실확인서_youngadult_female_echo_0184.mp3,건강보험자격득실확인서, 당장인 대출설용 자격득실 확인서 두부 문인 민원 발급기 바로 출력해주시오, 당장인 대출설 이용 자격득실 확인서 두부 무인 민원 발급기 바로 출력해주시오,0,1,0,1,
전라도_건강보험자격득실확인서_youngadult_male_alloy_0127.mp3,건강보험자격득실확인서," 방금 그라멘 입사지원 서류, 건강보험 자격득실 확인서 일부 정부 24주민 번호 뒷자리 비공개 출력 협으로인"," 방금 그라멘 입사지원 서류, 건강보험 자격득실 확인서 일부 정부 24주민 번호 뒷자리 비공개 출력 협으로인",1,1,1,1,
전라도_건강보험자격득실확인서_youngadult_male_alloy_0169.mp3,건강보험자격득실확인서, 지금 바로 대출설용 건강보험 자격득실 확인서 무인민원 발급기 현재 조소만 바로대해 주소, 지금 바로 대출설용 건강보험 자격득실 확인서 무인민원 발급기 현재 조서만 바로 대해주소,1,1,1,1,
전라도_건강보험자격득실확인서_youngadult_male_shimmer_0103.mp3,건강보험자격득실확인서, 그러면 회사 제출용 자격듭실 확인서 일부 모바일 출격 협조 브러잉?, 그러면 회사 제출룡 자격듭심 확인서 일부 모바일 출격 협조 브러잉?,0,1,0,1,
전라도_날씨_child_female_echo_0211.mp3,날씨, 오늘 밤 우산 필요하는가 여수 알려주시오, 오늘 밤 우산 필요하는가 여수 알려주시오,0,0,0,0,
전라도_날씨_child_male_alloy_0288.mp3,날씨, 이번 주말 저녁 수원 날씨 어떠다가 부탁해요, 이번 주말 저녁 수원 날씨 어떠다가 부탁해요,1,1,1,1,
전라도_날씨_child_male_nova_0280.mp3,날씨, 오늘 반 체감 온도 어떠단가 서울?, 오늘 반 체감 온도 어떠단가 서울?,0,0,0,0,
전라도_날씨_child_male_onyx_0265.mp3,날씨, 모레 아침 체감 온도 어떠단가 광양? 확인해볼게요., 모레 아침 체감 온도 어떠단가 광양? 확인해볼게요.,0,0,0,0,
전라도_날씨_middleaged_female_echo_0201.mp3,날씨, 내일 오후 우산 필요하는가 서울 알려주시오, 내일 오후 우산 필요하는가 서울 알려주시오,0,0,0,0,
전라도_날씨_middleaged_female_shimmer_0242.mp3,날씨, 내일 아침 무산 필요하는가 울산?, 내일 아침 무산 필요하는가 울산?,0,0,0,0,
전라도_날씨_middleaged_female_shimmer_0297.mp3,날씨, 물의 전혀 골산 미세먼지 어떠는가?, 모래 전혀 골산 미세먼지 어떠는가?,0,0,0,0,
전라도_날씨_middleaged_male_shimmer_0214.mp3,날씨, 밤에 순천 기운 좀 알려주시오 보자잉?, 밤에 순천 기운 좀 알려주시오 보자잉?,0,0,0,0,
전라도_날씨_senior_female_onyx_0238.mp3,날씨, 내일 오후 청준할 시 워터단가 보자잉, 내일 오후 청준할 시 워터단가 보자잉,0,0,0,0,
전라도_날씨_senior_male_onyx_0290.mp3,날씨, 모래 저녁 체감 온도 어떠단가 서울 확인여볼께요?, 모래 저녁 체감 온도 어떠단가 서울 확인여볼게요.,0,0,0,0,
전라도_날씨_youngadult_female_echo_0281.mp3,날씨, 내일 밤 체감 온도 어떠단가 창원 알려주세요., 내일 밤 체감 온도 어떠단가 창원 알려주시오,0,0,0,0,
전라도_날씨_youngadult_female_onyx_0200.mp3,날씨, 이번 주 금요일 저녁 우산 필요하는가 목포 알려주시오, 이번 주 금요일 저녁 우산 필요하는가 목포 알려주시오,0,0,0,0,
전라도_날씨_youngadult_female_onyx_0257.mp3,날씨, 다음 주말 밤 체감 온도 또 난가 청주? 확인해볼게요., 다음 주말 밤 체감 온도 또 난가 청주? 확인해볼게요,0,0,0,0,
전라도_날씨_youngadult_female_shimmer_0268.mp3,날씨, 밤에 여수 비 오는가 부탁해요., 밤에 여수 비 오는가 부탁해요.,0,0,0,0,
전라도_날씨_youngadult_male_echo_0278.mp3,날씨, 오후의 춘천 비 오는가? 보자인, 오후의 춘천 비 오는가? 보자잉?,0,0,0,0,
전라도_날씨_youngadult_male_nova_0232.mp3,날씨, 내일 오후 체감 온도 어떠단가요? 수? 확인해볼게요., 내일 오후 체감 온도 어떠단가요? 수? 확인해볼게요.,0,0,0,0,
전라도_등본_child_female_shimmer_0339.mp3,등본, 가능하면 빨리 대출설위형 등번 일부 정부 24주소 전체 출력보봐 좀 해주소, 가능하면 빨리 대출 서류형 등번 일부 정부 24주소 전체 출력보봐 좀 해주소,0,0,0,0,
전라도_등본_child_male_onyx_0388.mp3,등본, 지금 학교 대출룡 등본 일부 무인민원 발급기 현재 주소만 발급해 줄 아잉, 지금 학교 대출룡 등본 일부 무인민원 발급기 현재 주소만 발급해 줄 아잉,1,1,1,1,
전라도_등본_child_male_shimmer_0307.mp3,등본, 안전파로 대출 서류용 주민등록 등돍돍돍돍돍 두 부 모바일 주소 전체출력 대중해 줄 아잉, 한잔 바로 대출 서류용 주민 등록 등붕 두부 모바일 주소 전체출력 대중해 줄 아잉,0,1,0,1,
전라도_등본_middleaged_female_echo_0378.mp3,등본, 가능하면 빨리 회사 제출룩 주민등록등룩등룩뚜부 모바일 주민번호 귀자리 비공개 발급종 해 주시오, 가능하면 빨리 회사 제출룩 주민등록 등룩 등몬 2부 모바일 주민번호 귀자리 비공개 발급종 해 주시오,0,1,0,1,
전라도_등본_middleaged_female_onyx_0359.mp3,등본, 가능하면 빨리행 대출 서류형 등본 내부 PDF로 주민번호 뒷자리 비공개 발급 회부러행?, 가능하면 빨리행 대출 서류형 등본 내부 PDF로 주민번호 뒷자리 비공개 발급 회부러행?,1,1,1,1,
전라도_등본_middleaged_male_onyx_0329.mp3,등본," 오늘 학교 제출용 등분 3부 모바일 주민번호 뒷자리 비공개 모바존 해주라잉 학시 8, 등분 8공구"," 오늘 학교 제출용 등분 3부 모바일 주민번호 뒷자리 비공개 모바존 해주라인 학시 8, 등분 8공구",0,1,0,1,
전라도_등본_senior_female_echo_0321.mp3,등본, 오늘 그라멘 대출 서류용 주민등록 등론 한부 현재 주서만 출력해브라인, 오늘 그라멘 대출 서령 주민등록등본 한부 현재 주서만 출력해브라인,0,1,1,1,
전라도_등본_senior_female_shimmer_0314.mp3,등본, 오늘 아이고 관공서 제출용 등본 내부 모바일 주소 전체출력 대 좀 해줄라인, 오늘 아이고 관공서 제출용 등본 내부 모바일 주소 전체출력 대 좀 해줄라인,1,1,1,1,
전라도_등본_senior_male_nova_0326.mp3,등본, 가능하면 빨리 바로 관공서 제출용 주민 등록 등분 한부 정부 24 주민번호 뒷자리 비공개 뽑아협으로인 하하지, 가능하면 빨리 바로 관공서 제출용 주민 등록 등분 한부 정부 24 주민번호 뒷자리 비공개 뽑아협으로인 하하지,0,1,0,1,
전라도_등본_senior_male_shimmer_0319.mp3,등본," 아이고, 입사지원 서류 등본 내 부주민센터 현재 주소만 바로 출력해주셔잉"," 아이고, 입사지원설류 등본 내 부주민센터 현재 주소만 바로 출력해주셔잉",1,1,1,1,
전라도_등본_senior_male_shimmer_0333.mp3,등본, 당장 알고 주민등록 등몬 내부 모바일 현재 주소만 바로 때에 부러인, 당장 알고 주민등록 등몬 내부 모바일 현대주소만 바로 때에 부러인?,0,1,0,1,
전라도_등본_youngadult_female_alloy_0376.mp3,등본," 지금 그러면 회사 대출룡 등몬 두부, PDF로 현재 주소만 대허브라인."," 지금 그러면 회사 대출룡 등분 두 부, PDF로 현재 주소만 대허브라인.",0,0,0,0,
전라도_등본_youngadult_female_echo_0379.mp3,등본, 오늘 그라멘 등본 일부 주민센터 발급정 해 줄 아잉?, 오늘 그라멘 등본 일부 주민센터 발급정 해 줄 아잉?,1,1,1,1,
전라도_등본_youngadult_female_nova_0399.mp3,등본, 오늘 인 회사 제출용 등본대 부? 무인 민원 발급기 주소 전체 출역점에 주라인, 오늘 인 회사 제출용 등본대 부? 무인 민원 발급기 주소 전체 출역점의 주라인,1,0,1,0,
전라도_등본_youngadult_female_onyx_0311.mp3,등본, 악장기 회사 제출용 등몬 내부 모바일 과거 주소포함 바로 발급해버려요.," 앙장기, 회사 제출용 등몬 내부 모바일 과거 주소포함 바로 발급해버려요.",0,1,0,1,
전라도_등본_youngadult_female_onyx_0355.mp3,등본, 가능하면 빨리 아이고 회사 제출용 주민등록 등본 산부 PDF로 과거 주소 포함 대중해 주라행, 가능하면 빨리 아이고 회사 제출용 주민등록 등본 산부 PDF로 과거 주소 포함 대중해 주라행,1,1,1,1,
전라도_등본_youngadult_female_shimmer_0335.mp3,등본, 오늘 그라멘 등본 두 부 모바일 주민번호 뒷자리 비공개 때 해 브로행, 오늘 그라멘 등본 두 부 모바일 주민번호 뒷자리 비공개 때 해프로행,1,1,1,1,
전라도_등본_youngadult_male_alloy_0369.mp3,등본, 가능하면 빨리 아이고 대출 서류용 주민 등록 등봉 PDF로 현재 주소만 발급해부러행?, 가능하면 빨리 아이고 대출 서류용 주민 등록 등봉 PDF로 현재 주소만 발급해부러행?,0,1,0,1,
전라도_등본_youngadult_male_onyx_0315.mp3,등본, 회사 제출용 지민 등록 등본 두부 현재 주소만 대중해 주소, 회사 제출용 지민 등록 등몬 두부 현재 주소만 대조해 주소,1,0,0,0,
전라도_등본_youngadult_male_onyx_0342.mp3,등본," 아이고, 광공사 제출용 주민등록 등본 주민센터 주소 전체 출력 뽑아야 주소"," 아이고, 광공사 제출용 주민등록 등본 주민센터 주소 전체출력 뽑아야 주소",1,1,1,1,
전라도_등본_youngadult_male_shimmer_0302.mp3,등본, 지금 바로 대출 서류용 주민등록 등붕 일부 모바일 주소 전체 출력 바로 때의 주자잉, 지금 바로 대출 서류용 주민등록 등봉 일부 모바일 주소 전체 출력 바로 때에 주셔잉,0,1,0,1,
전라도_등본_youngadult_male_shimmer_0323.mp3,등본, 지금 그라멘 회사 제출룡 등본 PDF로 출력해 부러이?, 지금 그라면 회사 제출룡 등본 PDF로 출력해 부러이?,1,1,1,1,
전라도_초본_child_female_alloy_0402.mp3,초본," 방금 대출 서류용 초본 세부, KDF로 주민 번호 뒷자리 비공개 뽑아여버렁"," 방금 대출 서류용 초본 세부, KDF로 주민 번호 뒷자리 비공개 뽑아요 브롱.",1,1,1,1,
전라도_초본_child_female_echo_0433.mp3,초본, 안금 그라면 초본 주민번호 뒷자리 비공개 뽑아야 프로잉, 안금 그라면 초본 주민번호 뒷자리 비공개 뽑아요 브로잉,1,1,1,1,
전라도_초본_child_male_onyx_0442.mp3,초본, 안그마이고 초본 내부 정부 24 과거 주소 포함 출력 좀 해주소, 안그마이고 초본 내부 정부 24 과거 주소 포함 출력 좀 해주소,1,1,1,1,
전라도_초본_child_male_shimmer_0419.mp3,초본, 당장 바로 회사 제출룩 초본 내부 PDF로 현지 주소만 떼어부러잉, 장장 바로 회사 제출룡 초본 내부 PDF로 현지 주소만 떼어부러잉,1,1,1,1,
전라도_초본_middleaged_female_onyx_0479.mp3,초본," 아이고, 광공서 제출용 주민등록 초본 일부 모바일 과거 주소 포한 바로 떼주셔인"," 아이고, 관공서 제출용 주민등록 초본 일부 모바일 과거 주소 포한 바로 때 해주셔인",1,1,1,1,
전라도_초본_middleaged_female_shimmer_0435.mp3,초본, 관곤서 제출용 초본 내부 바로 밝을 해주시오, 관곤서 제출용 초본 내부 바로 밝을 해주시오,1,1,1,1,
전라도_초본_middleaged_male_onyx_0421.mp3,초본, 아이고 회사 제출용 주민등록 초본 한부 무인 민원 발급기 주민번호 뒷자리 기공개 출력점 해 줄 아잉, 아이고 회사 제출용 주민등록 초건 한부 무인 민원 발급기 주민번호 뒷자리 기공개 출력점 해 줄 아잉,1,1,0,1,
전라도_초본_senior_female_alloy_0459.mp3,초본, 토벤 3부 정부 24출력해 주소, 토본 3부 정보 24 출력해 주소,0,0,0,0,
전라도_초본_senior_female_alloy_0469.mp3,초본, 가능하면 빨리 아이고 회사 제출용 주민등록 초본 일부 정부 24바로 발급해 주라인, 가능하면 빨리 아이고 회사 제출용 주민등록 초본 일부 정부 24바로 발급해 줄 아인,1,1,1,1,
전라도_초본_senior_female_echo_0407.mp3,초본, 당장 그라면 입사지원 서류 초본산부 발급 좀 해주시오, 당장 그라멘 입사지원 서류 초본살부 발급 좀 해주시오,1,1,1,1,
전라도_초본_senior_female_echo_0499.mp3,초본, 방금 바로 주민 등록 초본 3부 주민센터 주소 전체 출력 발급해주시여, 방금 바로 주민 등록 초본 3부 주민센터 주소 전체 출력 발급해주시여,1,1,1,1,
전라도_초본_senior_female_nova_0415.mp3,초본, 오늘 바로 학교 제출용 초본산부 정부24 주민번호 뒷자리 비공개 발급 좀 해줄 아잉 초본 6.9%, 오늘 바로 학교 제출용 초본산부 정부24 주민번호 뒷자리 비공개 발급 좀 해줄 아잉 초본 698,1,1,1,1,
전라도_초본_senior_female_shimmer_0439.mp3,초본, 가능하면 빨리 그라면 학교 제출용 지민 등록 처본 모바일 현재 주소만 발급해보라잉?, 가능하면 빨리 그라면 학교 제출형 지민 등록 처본 모바일 현재 주소만 발급해보라잉?,0,1,0,1,
전라도_초본_senior_male_alloy_0455.mp3,초본, 방금 그러면 회사 제출용 주민딩록 초본 주민센터 현재 주소만 떼져서, 방금 그러면 회사 제출용 주민딩록 초본 주민센터 현재 주소만 떼져서,1,1,1,1,
전라도_초본_senior_male_echo_0423.mp3,초본, 지금 바로 학교 제출용 초본 두부 정부 24 현재 조소만 출력정해 주시오, 지금 바로 학교 제출용 초본 두부 정부 24 현재 조소만 출력정해 주시오,1,1,1,1,
전라도_초본_senior_male_nova_0478.mp3,초본, 오늘 입사지원 서류 주민등록초본 내부 모바일 과거 주소 포함 발급점 해주세요., 오늘 입사지원 서류 주민등록초본 내부 모바일 과버주소 포함 발급점 해주세요.,1,1,1,1,
전라도_초본_senior_male_onyx_0476.mp3,초본, 당장 그라면 초본 이부 주민 권호 뒷자리 비공개 출력협부로인, 당장 그라면 초본 이부 주민 권호 뒷자리 비공개 출력협부로인,1,1,1,1,
전라도_초본_youngadult_female_alloy_0426.mp3,초본," 방금 바로 광공서 재출형 초본 이부 모바일 과거 주소 포함 출격협으로 요, 정제이 초본 49"," 방금 바로 광공서 재출용 초본 이부 모바일 과거 주소 포함 출력협으로 여, 정제이 초본 49",1,1,1,1,
전라도_초본_youngadult_female_onyx_0488.mp3,초본, 안금 아이고 대출설 이용 지민 등록 초본 산부 무인 민원 발급기 과거 주소 포함 발급 회보란께, 안금 아이고 대출설 이용 지민 등록 초본 산부 무인 민원 발급기 과거 주소 포함 발급 회보란께,1,1,1,1,
전라도_초본_youngadult_female_shimmer_0429.mp3,초본, 지금 바로 대출 서류형 초본 모바일 발급해 주시오. G2 초본 8.09, 지금 바로 대출 서류형 초본 모바일 발급해 주시오. G2 초본 809,1,1,1,1,
전라도_초본_youngadult_male_echo_0411.mp3,초본," 이 사지원 서류 초본, 이브 무인 민원 발급기 때 좀 해줘라잉"," 이 사지원 서류 초본, 이브 무인 민원 발급기 때 좀 해줘라잉",1,1,1,1,
전라도_초본_youngadult_male_shimmer_0414.mp3,초본, 지금 바로 회사 제출용 초본 주민센터 현재 주소만 떼어줘라잉, 지금 바로 회사 제출용 초본 주민센터 현재 주소만 떼주라잉,1,1,1,1,
전라도_행사_child_female_alloy_0697.mp3,행사, 다음 주말 전역 포항 축제 일정 중 알려주시오., 다음 주말 전역 포항 축제 일정 중 알려주시오,0,1,0,1,
전라도_행사_child_male_alloy_0680.mp3,행사, 오늘 밤 전주 플리마켓 하는가 부탁해요, 오늘 밤 전주 플리마켓 하는가? 부탁해요.,0,0,0,0,
전라도_행사_child_male_echo_0611.mp3,행사, 아침에 제주 행사 일정 확인여보자인 확인여볼게요., 아침에 제주 행사 일정 확인여보자잉? 확인여볼게요.,1,1,1,1,
전라도_행사_child_male_onyx_0665.mp3,행사, 모랫밤 근처 행사 모 있다가 알려주시오, 모랫밤 근처 행사 모 있다가 알려주시오,1,1,1,1,
전라도_행사_child_male_shimmer_0668.mp3,행사, 밤에서 올 이번 주 축제 보여? 알려주시오., 밤에서 올 이번 주 축제 보여? 알려주시오.,0,0,0,0,
전라도_행사_middleaged_male_onyx_0614.mp3,행사, 저녁의 가족이랑 갈만한 울산 행사 추천해 줄 아잉 부탁해요, 저녁의 가족이랑 갈만한 울산 행사 추천해 줄 아잉 부탁해요,1,1,1,1,
전라도_행사_senior_female_echo_0688.mp3,행사, 오늘 밤 서울 축제 일정 좀 알려주시오. 확인해 볼게요., 오늘 밤 서울 축제 일정 좀 알려주시오. 확인해 볼게요.,0,1,0,1,
전라도_행사_senior_female_shimmer_0600.mp3,행사, 오후에 무료 행사 있다가 목포 확인해볼게요., 오후에 무료 행사 있다가 목포 확인해볼게요.,1,1,1,1,
전라도_행사_senior_male_echo_0638.mp3,행사, 밤에 가족이랑 갈만한 광주 행사 추천해 줄 아잉 확인해볼게요, 밤에 가족이랑 갈만한 광주 행사 추천해 줄 아잉 확인해볼게요,1,1,1,1,
전라도_행사_senior_male_shimmer_0601.mp3,행사, 밤에 창원 행사 일정 확인해보자잉 확인해볼게요., 다음에 창원 행사 일정 확인해보자잉 확인해볼게요.,1,1,1,1,
전라도_행사_senior_male_shimmer_0632.mp3,행사, 암의 무료 행사 있다가 청주 확인해볼게요., 암의 무료 행사 있다가 청주 확인해볼게요.,1,1,1,1,
전라도_행사_youngadult_female_alloy_0642.mp3,행사, 모레오 부산 플리마켓 하는가?, 모레오 부산 플리마켓 하는가?,0,0,0,0,
전라도_행사_youngadult_female_shimmer_0681.mp3,행사, 내일 오후 못 포플리마켓 하는가 보자인, 내일 오후 묵포 플리마켓 하는가 보자잉,0,0,0,0,
전라도_행사_youngadult_male_alloy_0657.mp3,행사, 저녁에 무료 행사 있다가 서울 알려주시오, 저녁에 무료 행사 있다가 서울 알려주시오,1,1,1,1,
전라도_행사_youngadult_male_echo_0690.mp3,행사, 오후에 부산 행사 일정 확인여보자인 알려주시오, 오후에 부산 행사 일정 확인여보자인 알려주시오,1,1,1,1,
전라도_행사_youngadult_male_shimmer_0678.mp3,행사, 암의 제주쪄 행사정보 보여주소, 암의 제주 쪽 행사정보 보여주소,1,1,1,1,
제주도_가족관계증명서_child_female_alloy_0013.mp3,가족관계증명서, 가능하면 빨리 가족 관계 증명서 1부 정보 24 주소 전체 출력 바로 때 발급해 주게 맞슨, 가능하면 빨리 가족 관계 증명서 1부 정보 24주소 전체 출력 바로 때 발급해 주게 맞슨,1,1,1,1,
제주도_가족관계증명서_child_female_alloy_0041.mp3,가족관계증명서, 애출 서류용 가족관계 직명서 두 분 무인민원 발급기 현재 주소만 바로 때 발급해지게 났습니다., 애출 서류용 가족관계 직명서 두 분 모인 민원 발급기 현재 주소만 바로 때 발급해지게 났습니다.,0,1,0,1,
제주도_가족관계증명서_child_female_nova_0034.mp3,가족관계증명서, 지금 대출 서류용 가족 증명서 2부 주민센터 주서 전체 추역 대주개 맞슨., 지금 대출 서류용 가족 증명서 2부 주민센터 주서 전체 추역 대주게 맞슨.,0,1,0,1,
제주도_가족관계증명서_child_female_onyx_0023.mp3,가족관계증명서," 한금 관광서 제출용, 가족 관계 증명서 두부 현재 주소만 떼주게 마심"," 안금 관광서 제출용, 가족 관계 증명서 두부 현재 주소만 떼주게 마심",1,1,1,1,
제주도_가족관계증명서_child_female_shimmer_0091.mp3,가족관계증명서, 애출 서류용 가족관계 증명서 일부 정부 24 과거 주소 포함 때 해주게 맞음 하시라스 자각 039, 애출 서류용 가족관계 증명서 일부 정부 24 과거 주소 포함 때 해주게 맞음 하시라스 자각 039,1,1,1,1,
제주도_가족관계증명서_child_male_alloy_0064.mp3,가족관계증명서, 오늘 회사 제출용 가족관계 증명서 내부 정부 24바로 때 달급해 주게 마심, 오늘 회사 제출용 가족관계 증명서 내부 정부 24바로 때 달급해 주게 마심,1,1,1,1,
제주도_가족관계증명서_child_male_onyx_0027.mp3,가족관계증명서," 관공서 제출용, 가적 증명서 한 부, PDF로 발급주개 맛음 사실 과족 증명서 4 매일"," 관공서 제출용, 가족 증명서 한 부, PDF로 발급주개 맛음 사실 과족 증명서 4 매일",0,0,0,1,
제주도_가족관계증명서_child_male_onyx_0079.mp3,가족관계증명서, 지금 대출 서류용 가적관계 직명서 PDF로 주소 전체 출력 뽑아주게 마심, 지금 대출 서류용 가적관계 직명서 PDF로 주소 전체 출력 뽑아주게 마심,0,1,0,1,
제주도_가족관계증명서_child_male_onyx_0087.mp3,가족관계증명서, 안금 잇사 지원 서류 가족 증명서 3부 때주게 마심," 안금 입사 지원 서류, 가족 증명서 산부 때주게 마심",0,1,0,1,
제주도_가족관계증명서_middleaged_female_echo_0043.mp3,가족관계증명서, 오늘 가족 직명서 한부 주민센터 주소 전체 출력대 발급해졌면서, 오늘 가족 직명서 한부 주민센터 주소 전체 출력대 발급해 주십소,0,1,0,1,
제주도_가족관계증명서_middleaged_male_alloy_0046.mp3,가족관계증명서, 지금 입사 지원 서료 가족 관계 증명사 일부 정부 24주소 전체 출력 바로 발급밝에 주게 맞슴, 지금 입사 지원 서료 가족 관계 증명사 일부 정부 24주소 전체 출력 바로 발급밝에 주게 맞슴,0,1,0,1,
제주도_가족관계증명서_middleaged_male_onyx_0002.mp3,가족관계증명서," 관공서제 출용, 가족 관계 등명서 산부, 모바일 현재 주소만 필요호오다, 뽑아해 줍서."," 관공서제 출용, 가족 관계 등명서 산부, 모바일 현재 주소만 필요호오다, 뽑아해 줍서.",0,1,0,1,
제주도_가족관계증명서_middleaged_male_onyx_0098.mp3,가족관계증명서, 오늘 학교 제출룬 가족 증명서 PDF로 뽑아 해 주십시오, 오늘 학교 제출룬 가족 증명서 PDF로 뽑아 해 주십시오,0,1,0,1,
제주도_가족관계증명서_middleaged_male_shimmer_0009.mp3,가족관계증명서," 지금 입사지원 서류 가족 증명사 산부, 무인 민원 말급기 주민 번호 뒷자리 비공개 필요하우다 달급해주면서"," 지금 입사지원 서류 가족 증명사 산부, 무인 민원 말급기 주민 번호 뒷자리 비공개 필요하우다 달급해주면서",0,1,0,1,
제주도_가족관계증명서_senior_female_echo_0016.mp3,가족관계증명서," 5학교를 제출용 가족 관계 증명서 3부, 주민센터 필요하다 뽑았대주게"," 오학교 제출용 가족 관계 증명서 산부, 주민센터 필요하다 뽑았대 주게",1,1,1,1,
제주도_가족관계증명서_senior_female_echo_0048.mp3,가족관계증명서," 지금 회사 대출용, 가족 관계 증명서 일부 모바일 주소 전체 출력, 발급대주계, 하식구죠, 하식구죠."," 지금 회사 재출용, 가족 관계 증명서 일부 모바일 주소 전체 출력, 발겹대주계, 하식구죠, 하식구죠.",1,1,1,1,
제주도_가족관계증명서_senior_male_echo_0019.mp3,가족관계증명서, 당장 가족 직명서 내부 무인 민원 밝을 기 주민 번호 뒷자리 비공개 뽑아 뽑아줍소, 당장 가족 증명서 내부 무인 민원 밝을 기 주민 번호 뒷자리 비공개 뽑아 뽑아줍서,0,1,0,1,
제주도_가족관계증명서_youngadult_female_alloy_0052.mp3,가족관계증명서, 안금 회사 제출용 가족 증명사 세부 모바일 필요하우다 발급해 주게 맞슴., 안금 회사 제출용 가족 증명사 세부 모바일 필요하우다 발급해주게 맞슴,0,1,0,1,
제주도_가족관계증명서_youngadult_female_nova_0084.mp3,가족관계증명서, 가능하면 빨리 입사지원 서류 가족 관계 직명서 이부 PDF로 필요하오다 내 발급해 주게 맞음., 가능하면 빨리 입사 지원 서류 가족 관계 증명서 이부 PDF로 필요하오다 내 발급해 주게 맞음.,0,1,1,1,
제주도_가족관계증명서_youngadult_female_shimmer_0004.mp3,가족관계증명서, 당장 대출 서류용 가족관계 증명서 주민센터 필요하우다 떼 뽑아줍서, 당장 대출 서류용 가족관계 증명서 주민센터 필요하우다 떼 뽑아줍서,1,1,1,1,
제주도_가족관계증명서_youngadult_female_shimmer_0095.mp3,가족관계증명서, 지금 학교 제출용 가족관계 증명사 일부 정부 24주소 전체 출력 바로 뽑아 해 줍서, 지금 학교 제출용 가족관계 증명사 일부 정부 24주소 전체 출력 바로 뽑아 해 줍서,0,1,0,1,
제주도_가족관계증명서_youngadult_male_onyx_0073.mp3,가족관계증명서, 회사 제출룡 가족관계 증명서 한부 청부 20사 현재 주소만 필요하오다. 밝은 빨급해주게 마심 하시빌 제이가족 300도, 회사 제출룡 가족관계 증명서 한부 청부 24현재 주소만 필요하오다 밝은 빨급해주게 마심 하시빌 제이가족 300도,1,1,1,1,
제주도_가족관계증명서_youngadult_male_shimmer_0099.mp3,가족관계증명서, 오늘 대출 서류용 가족관계 진명서 주민센터 주민번호 뒷자리 비공개 바로 때 해주게, 오늘 대출 서류용 가족관계 진명서 주민센터 주민번호 뒷자리 비공개 바로 때 해주게,0,1,0,1,
제주도_건강보험자격득실확인서_child_female_alloy_0190.mp3,건강보험자격득실확인서, 가능하면 빨리 개출 서료용 건강보험 자격특실 확인서 3부 정부 24주민 번호 뒷자리 비공개 바로 발급해주게 맞슨, 가능하면 빨리 개출 서류용 건강보험 자격특실 확인서 3부 정부 24주민 번호 뒷자리 비공개 바로 발급해주게 맞슨,0,1,0,1,
제주도_건강보험자격득실확인서_child_female_nova_0183.mp3,건강보험자격득실확인서," 항상 학교 제출용 건부, 자격 등실, 확인서, 한부 주민센터, 주민 번호 뒷자리 비공개 뽑아주게 맞슴"," 항상 학교 제출용 건부, 자격 등실, 확인서, 한부 주민센터, 주민 번호 뒷자리 비공기 뽑아주게 맞슴",0,1,0,1,
제주도_건강보험자격득실확인서_child_female_shimmer_0180.mp3,건강보험자격득실확인서, 가능하면 빨리 학교 제출용 건부 자격득실 확인서 일부 PDF로 뽑아주게 맞슨.," 가능하면 빨리 학교 제출용, 건부 자격득실 확인서 일부 PDF로 뽑아주게 맞슨.",0,1,0,1,
제주도_건강보험자격득실확인서_child_male_onyx_0195.mp3,건강보험자격득실확인서, 애출네용 자격특실 확인서 PDF로 뽑아주기 마심, 애출소리용 자격특실 확인서 PDF로 뽑아주기 마심,0,1,0,1,
제주도_건강보험자격득실확인서_middleaged_female_alloy_0114.mp3,건강보험자격득실확인서, 오늘 자격 특실 확인서 일부 PDF로 주민번호 뒷자리 비공개 발끝주게 맞음, 오늘 자격 특실 확인서 일부 PDF로 주민번호 뒷자리 비공개 발�급주개 맛음,0,1,0,1,
제주도_건강보험자격득실확인서_middleaged_female_nova_0133.mp3,건강보험자격득실확인서, 가능하면 빨리 학교 제출룬 건보 자격특실 확인서 한부 PDF로 주소 전체출룬 필요하우다 뽑아대주게, 가능하면 빨리 학교 제출룬 건보 자격특실 확인서 한부 PDF로 주소 전체출룬 필요하우다 뽑아대주게,0,1,0,1,
제주도_건강보험자격득실확인서_middleaged_female_onyx_0176.mp3,건강보험자격득실확인서, 지금 관공서 제출용 자격득실 확인서 두부 PDF로 필요하다. 떼발급해 줍서., 지금 관공서 제출용 자격득실 확인서 두부 PDF로 필요하다. 떼발급해 주소.,0,1,0,1,
제주도_건강보험자격득실확인서_middleaged_male_nova_0162.mp3,건강보험자격득실확인서," 지금 이사지원 서류 자격득실 확인서 산부, 무인 민원, 발급기 주소 전체 출력 대주게 맞슴.", 지금 이 4지원 서류 자격득실 확인서 3부 무인 민원 발급기 주소 전체 출력 대주게 맞슴,0,1,0,1,
제주도_건강보험자격득실확인서_middleaged_male_nova_0173.mp3,건강보험자격득실확인서, 가능하면 빨리 대출설용 건강보험 자격득실 확인서 내부 필요하우다 뽑아 해 주게, 가능하면 빨리 대출설용 건강보험 자격득실 확인서 내부 필요하우다 뽑아 해 주게,1,1,1,1,
제주도_건강보험자격득실확인서_middleaged_male_shimmer_0177.mp3,건강보험자격득실확인서," 안금 관곤서 제출용, 건부 자력득실 확인서 한 부 정보 24주소 전체 출력 필요하우다. 때 발급해 주게맞음."," 안금 관곤서 제출용, 건부 자력득실 확인서 한 부 정보 24주소 전체 출력 필요하우다. 때 발급해 주게많음.",0,1,0,1,
제주도_건강보험자격득실확인서_senior_female_nova_0109.mp3,건강보험자격득실확인서, 방금 이사지원 서류검보 자격득실 확인서 세부 주민센터 때주게 맞슨, 방금 It's a John Seul-yu 건보 자격득실 확인서 세부 주민센터 때주게 맞슨,0,1,0,1,
제주도_건강보험자격득실확인서_senior_female_nova_0112.mp3,건강보험자격득실확인서, 오늘 이트사지원 서류 건강보험 자격득실 확인서 세부 주민센터 주민 번호 뒷자리 비공개 뽑아밝에 해주게 마심, 오늘 이트사지원 서류 건강보험 자격득실 확인서 세부 주민센터 주민 번호 뒷자리 비공개 뽑아밝에 해주게 마심,1,1,1,1,
제주도_건강보험자격득실확인서_senior_male_echo_0131.mp3,건강보험자격득실확인서," 지금 관공서 제출용, 건강 모험 자격득실 확인사 한 부, 주민 번호 뒷자리 비공개에 뽑아주게 맞슴."," 지금 관공서 제출용, 건강 모험 자격득실 확인사 한 부, 주민 번호 뒷자리 비공개에 뽑아주게 맞슴.",0,1,0,1,
제주도_건강보험자격득실확인서_youngadult_female_echo_0144.mp3,건강보험자격득실확인서, 지금 입사지원 서류 건보 자격 특실 확인서 주소 전체 출력 대주개 맞습니다., 지금 입사지원 서류 건보 자격특실 확인서 주소 전체 출력되지게 맞습니다.,0,1,0,1,
제주도_건강보험자격득실확인서_youngadult_female_echo_0160.mp3,건강보험자격득실확인서," 당장 회사 제출용, 건보 자격득실 확인서 주민번호 뒷자리 비공개 필요하우다 발급해 주게 맞음"," 항상 회사 제출용, 건보 자격득실 확인서 주민번호 뒷자리 비공개 필요하우다 바이 급해 주게 맞음",0,1,0,1,
제주도_건강보험자격득실확인서_youngadult_female_nova_0136.mp3,건강보험자격득실확인서, 당장 건보좌격득쇼 확인서 2부정부 24주소 전체 출력 필요하다 밝은 빨급해지게 맞췄음, 당장 건보좌격득쇼 확인서 2부정부 24주소 전체 출력 필요하다 밝은 빨급해지게 맞슴,0,0,0,0,
제주도_건강보험자격득실확인서_youngadult_male_onyx_0185.mp3,건강보험자격득실확인서, 가능하면 빨리 입사지원 서류 자격택실 확인서 한 보 PDF로 주민번호 뒷자리 비공개 기류하우다 발급해 줍서, 가능하면 빨리 입사지원 서류 자격택실 확인서 한 보 PDF로 주민번호 뒷자리 비공개 기류하우다 발급해 줍서,0,1,0,1,
제주도_건강보험자격득실확인서_youngadult_male_shimmer_0159.mp3,건강보험자격득실확인서, 안장 회사 제출용 건보 자격 득실 확인서 한 부 필요하오다. 밝은 밝을 폐주게 맞슴., 안장 회사 제출용 건보 자격득실 확인서 한 부 필요하오다 밝은 밝을 폐주게 맞슴,0,1,0,1,
제주도_날씨_child_female_alloy_0246.mp3,날씨, 밤에 오늘 순천 날씨 엿댄 호흡과 부탁호다, 아며 오늘 순천 날씨 엿댄 호흡과 부탁하다,1,1,1,1,
제주도_날씨_child_female_shimmer_0243.mp3,날씨, 오후에 온할 인천 미세먼지 오떡하우과 확인해 집서, 오후에 온할 인천 미세먼지 오떡하우과 확인해 집서,0,0,0,0,
제주도_날씨_child_male_nova_0234.mp3,날씨, 밤에 오날 광양 미세먼지 어떻게야 알려주게 맞슨, 밤에 오날 광양 미세먼지 어떻게야? 알러주게 맞슨,0,0,0,0,
제주도_날씨_middleaged_female_alloy_0284.mp3,날씨, 저녁에 온아 인천 체감원도 어떤 하옷 봐 알러주게 마심, 저녁에 오늘 인천 체감원도 어떤 하옷 봐 알러주게 마심,0,0,0,0,
제주도_날씨_middleaged_male_alloy_0241.mp3,날씨, 저녁에 오늘 춘천 미세먼지 어떤 하우과 확인해 줬어, 저녁에 오늘 춘천 미세먼지 어떤 하우과 확인해 줬어,0,0,0,0,
제주도_날씨_middleaged_male_alloy_0273.mp3,날씨, 아침에 청주 비옵주과 핵스텍제 날씨 50, 아침에 청주 비옵주과 핵스텍제 날씨 50,1,1,1,1,
제주도_날씨_middleaged_male_onyx_0227.mp3,날씨, 아침에 대구 바람 하영 북주과 부타코오다 제 날씨 18일, 아침에 대구 바람 하영 북주과 부타코오다 제 날씨 18일,1,1,1,1,
제주도_날씨_middleaged_male_onyx_0252.mp3,날씨, 오후의 세종 기온 알러주게 마심 보주게, 오후의 세종 기온 알러주게 마심 보주게,0,0,0,0,
제주도_날씨_middleaged_male_onyx_0264.mp3,날씨, 오후의 울산 바람 하영북주가 보주게, 오후의 울산 바람 하영북주가 보주게,0,0,0,0,
제주도_날씨_middleaged_male_onyx_0279.mp3,날씨, 저녁에 원할 순천 눈 오크과 알러주게 맞음, 저녁에 원할 순천 눈옥쿠과 알러주게 맞음,0,0,0,0,
제주도_날씨_middleaged_male_onyx_0291.mp3,날씨, 아메오 날 수원 날씨였던 호흡과 부착하우다 제 날씨 389, 아메 온알 수원 날씨였던 호흡과 부착하우다 제 날씨 389,1,1,1,1,
제주도_날씨_senior_female_alloy_0295.mp3,날씨, 밤에 온할 대고날씨 어떤 호흡과 확인해 줍소, 밤에 온할 대구 날씨 어떤 호흡과 확인해 줍소,1,1,1,1,
제주도_날씨_senior_female_nova_0204.mp3,날씨, 아침에 울산 비옵주과 부탁하우다, 아침에 의싼 비옵주과 부탁하우다,0,0,0,0,
제주도_날씨_senior_female_nova_0298.mp3,날씨, 아침에 오늘 관향 미세먼지 어떡크하울과 확인해 줍소, 아침에 온알 관향니세먼지 어떡하우과 확인해 줍서,0,0,0,0,
제주도_날씨_senior_male_echo_0287.mp3,날씨, 저녁에 오늘 제주눈 오크과 알러주게 마심, 저녁에 오늘 제주눈 오크과 알러주게 마심,0,0,0,0,
제주도_날씨_senior_male_onyx_0209.mp3,날씨, 밤에 오늘 울산 미세먼저 떡과 알루주게 마심, 밤에 오늘 울산 미세먼저 떡과 알루주게 마심,0,0,0,0,
제주도_날씨_senior_male_shimmer_0248.mp3,날씨, 밤에 온할 부산 눈 오후과 확인해 줍서, 밤에 온할 부산 눈 오후과 확인해 줍서,0,0,0,0,
제주도_날씨_youngadult_female_alloy_0223.mp3,날씨, 오후에 스원 기온 알러주게 마슴, 오후에 스원 키운 알러주게 마슴,0,0,0,0,
제주도_날씨_youngadult_female_onyx_0219.mp3,날씨, 저녁에 오늘 청준할 시 어떤 호우과 확인해 주소, 저녁에 오늘 청준할 시 어떤 호우과 확인해 주소,0,0,0,0,
제주도_날씨_youngadult_male_alloy_0213.mp3,날씨, 저녁에 부산 기온 알러주게 마쌤, 저녁에 부산 기온 알려주게 마심,0,0,0,0,
제주도_날씨_youngadult_male_nova_0299.mp3,날씨, 밤에 대전 바람 하영 독주과 알려주게 맞음 지 이 날씨 385, 밤에 대전 바람 하영 독주과 알려주게 맞음 지 이 날씨 385,1,1,1,1,
제주도_날씨_youngadult_male_onyx_0216.mp3,날씨, 밤에 온할 인천 강소 확률 알려주게 맞슴 보주게, 밤에 온할 인천 강소 확률 알려주게 맞슴 보주게,0,0,0,0,
제주도_날씨_youngadult_male_shimmer_0202.mp3,날씨, 아침에 수원 바람 하영 북주가 보주게, 아침에 수원 바람 하영 북주가 보주게,0,0,0,0,
제주도_등본_child_female_alloy_0305.mp3,등본, 한 장 입사지원 서류 주민 등록 등본 한북 윈 민원 발급기 현재 주소만 뽑아 뽑아줍서, 한 장 입사지원 서류 주민 등록 등본 한북 윈 민원 발급기 현재 주소만 뽑아 뽑아줍서,1,1,1,1,
제주도_등본_child_female_nova_0341.mp3,등본, 방장 회사 제출용 등본 모바일 현재 주소만 뽑아 해 주게 맞음 하시 하시 제이 등본 589, 방장 회사 제출용 등본 모바일 현재 주소만 뽑아 해 주게 맞음 하시 하시 제이 등본 589,1,1,1,1,
제주도_등본_child_female_onyx_0365.mp3,등본," 회사 대출력, 주민등록 등분, 두부, 주소 전체 출력 필요하오다. 모바해주게 마심."," 회사 대출력, 주민등록 등본, 두부, 주소 전체 출력 필요하오다. 모바해 주게 마심.",0,1,1,1,
제주도_등본_child_female_onyx_0393.mp3,등본," 오늘 학교 제출용 등본 한부, 정부 24 과거주호포함 바로 때에 주게 마심"," 오늘 학교 제출용 등본 한부, 정부 24 과거 주호포함 바로 때에 주게 마심",1,1,1,1,
제주도_등본_child_male_alloy_0343.mp3,등본, 오늘 대출설의용 주민등록 등몬 과거 주소 포함 띄주게 맞습니다., 오늘 대출설의 형 주민 등록 등몬 과거 주소 포함 떼주기 맞습니다.,0,1,0,1,
제주도_등본_middleaged_female_echo_0372.mp3,등본, 당장 등몬 두부 피디에 프로댈 중에 맞음 하시체 이 등몬 358, 당장 등몬 두부 피디에 프로 때주게 맞음 하시체 이 등몬 358,0,0,0,0,
제주도_등본_middleaged_male_alloy_0380.mp3,등본, 당장 주민등록 등농던 건데 무스민생도 필요하우다 모바해 줄게, 항상 주민등록 등본 내 부주민생도 필요하우다. 모바해 주게.,0,1,1,1,
제주도_등본_middleaged_male_onyx_0398.mp3,등본, 회사 제출용 등본 내부 주소 전체 출력 발급주개 말씀 해십이공 등본 290, 회사 재출용 등본 내부 주소 전체 출력 발급주개 말씀 해십이공 등본 290,1,1,1,1,
제주도_등본_senior_female_echo_0332.mp3,등본, 지금 학교 제출용 등본 내부 무인 민원 발급기 주소 전체 출역 바로 때려주게, 지금 학교 제출용 등본 내부 무인 민원 발급기 주소 전체 출혁 바로 때려주게,1,1,1,1,
제주도_등본_senior_female_onyx_0322.mp3,등본," 안금, 광공소 제출룡 등본 내부 PDF로 주민번호 뒷자리 비공개 바로 뽑아 해 주게", 안금 광공소 제출룡 등본 내부 PDF로 주민번호 뒷자리 비공개 바로 뽑아 해 주게,1,1,1,1,
제주도_등본_senior_female_shimmer_0361.mp3,등본, 회사 제출용 주민등맥 등몬 일부 정부 24 과거주소포함 바로 뽑아주게 제이 등몬 당비주, 회사 제출용 주민등맥 등몬 일부 정부 24 과거주소포함 바로 뽑아주게 제이 등몬 당비주,0,1,0,1,
제주도_등본_senior_male_alloy_0394.mp3,등본," 가능하면 빨리 입사지원 서류 주민등록 등봉 이부 무인 민원 발급기 주소 전체 출력 뽑아주게 맞습니다. 파스텍 제이익, 근본 486", 가능하면 빨리 이 4지원 서류 주민 등록 등봉 이부 무인 민원 발급기 주소 전체 출력 뽑아주게 맞습니다. 파스텍 제이 등봉 486,0,1,0,1,
제주도_등본_youngadult_female_onyx_0375.mp3,등본, 당장 학교 제출룡 등본 과거 주소 포함대주게 맞췄 Hesh Hesh S 등본 203," 당장 학교 제출용 등본 과거 주소 포함대주개 말씀 해쉬, 해쉬, S 등본 203",1,1,1,1,
제주도_등본_youngadult_male_alloy_0338.mp3,등본," 안장, 회사 제출용, 주민 등록 등몬 두부, 모바일 현재 주소만 바로 뽑아해 주게"," 안장, 회사 제출용, 주민등록 등몬 두부 모바일 현재 주소만 바로 뽑아해주게",0,1,0,1,
제주도_등본_youngadult_male_echo_0328.mp3,등본, 가능하면 빨리 등본 일부 정부 24 과거 주소 포함보바주개 마침 해쉬팩제 2 등본 19일, 가능하면 빨리 등본 일부 정부 24 과거 주소 포함보바주개 마침 해쉬 백제이 등본 19일,1,1,1,1,
제주도_등본_youngadult_male_echo_0368.mp3,등본," 오늘 학교 제출용, 주민 등록 등분 산부, PDF로 현재 주소만 바로 뽑아주게 났어요"," 오늘 학교 제출용, 주민 등록 등분 3부, PDF로 현재 주소만 바로 뽑아주게 났음",0,1,0,1,
제주도_등본_youngadult_male_nova_0324.mp3,등본, 감장 학교 제출용 등본 내부 PDF로 과거 조수 포함 뽑아 뽑아줬어. 하시테크 제2 등본 470, 함장 학교 제출용 등본 내부 PDF로 과거주소 포함 뽑아 뽑아줍서 하시테크 제2 등본 470,1,1,1,1,
제주도_초본_child_male_echo_0480.mp3,초본, 당장 관공서 제출용 주민등록 초본 세부 무인민원 발급기 주민번호 뒷자리 비공개 바로 뽑아 해 주게, 당장 관공서 제출용 주민등록 초본 세부 무인민원 발급기 주민번호 뒷자리 비공개 바로 뽑아 해 주게,1,1,1,1,
제주도_초본_child_male_echo_0494.mp3,초본, 가능하면 빨리 입사주원 서류 초본 2부 정부 24주소 전체 출력 발급주개 맞음 초본 387, 가능하면 빨리 입사주원 서류 초본 2부 정부 24주소 전체 출력 발급주개 맞음 초본 387,1,1,1,1,
제주도_초본_child_male_onyx_0493.mp3,초본, 앙금 학교 제출용 주민등록 초본 일부 PDF로 주소 전체 주력 바로 밝은 빨급해 주게 맞음, 앙금 학교 제출용 주민등록 초본 일부 PDF로 주소 전체 주력 바로 밝은 빨급해 주게 맞음,1,1,1,1,
제주도_초본_middleaged_female_echo_0461.mp3,초본," 앙금 주민등록 초본 2부, 정부 24주민번호 뒷자리 비공개 때 해주게 해스타크 제2초번 333000000"," 안금 주민등록 초본 2부, 정부 24주민번호 뒷자리 비공개대해주게 해스타크 제2초본 333000000",1,1,1,1,
제주도_초본_middleaged_female_nova_0441.mp3,초본," 오늘 대출설 이용 주민 등록 초본 정부 24주민 번호 뒷자리 비공개 때주게 맞음 하십쇼, 제1초본 590공", 오늘 대출설 이용 주민 등록 초본 정부 24주민 번호 뒷자리 비공개 때주게 맞음 하십쇼 제이처본 590공,1,1,1,1,
제주도_초본_middleaged_male_echo_0432.mp3,초본," 오늘 학교 제출용, 초본산부, 주민센터, 과거 주소 포한 뽑아바이그 패즈게 맞슴", 오늘 학교 제출용 초본산부 주민센터 과거 주소 포한 뽑아바이그 패즈게 맞습니다,1,1,1,1,
제주도_초본_middleaged_male_echo_0498.mp3,초본," 지금 주민등록 처벌 두 후보 발급법 봐 12, 2, 1"," 지금 주민등록 처벌 두 후보 발급법 봐 12, 2, 1",0,1,0,1,
제주도_초본_senior_female_nova_0422.mp3,초본, 오늘 회사 제출용 주민등록 초본 이부 과거 주소 포한 필요하오다 떼 뽑아줬어, 오늘 회사 제출용 주민등록 초본 이부 과거 조소 포한 필요하오다 떼 뽑아줬어,1,1,1,1,
제주도_초본_senior_female_nova_0443.mp3,초본, 가능하면 빨리 회사 제출용 주민등록 초본 두 부 모인 민원 발급기 현재 주소만 뽑아 발급해졌�어, 가능하면 빨리 회사 제출용 주민등록 초본 두 부 모인 민원 발급기 현재 주소만 뽑아 발급해졌�어,1,1,1,1,
제주도_초본_senior_female_onyx_0468.mp3,초본, 앙장 배출 화류용 초본 두부 PDF로 주소 전체 주력 바로 파이크 패주게, 앙장 배출 화류용 초본 두부 PDF로 주소 전체 주력 바로 파이크 패주게,1,1,1,1,
제주도_초본_senior_female_shimmer_0428.mp3,초본, 가능하면 빨리 입사 지원 서류 초본예부 주민센터 현재 주소만 대주게 맞췄. 앞점 초본 200의 직중이., 가능하면 빨리 입사 지원 서류 초본 일부 주민센터 현재 주소만 대주게 맞췄음. 앞점 초본 220중이.,1,1,1,1,
제주도_초본_senior_male_nova_0472.mp3,초본, 지금 입사지원 서류 초본 산부 주민센터 과거 주소 포함 필요하우다 모바해 주소 하시자 초본 사모구, 지금 입사지원 서류 초본 산부 주민센터 과거 조소 포함 필요하우다 모바해 줍서 하시자 초본 사모구,1,1,1,1,
제주도_초본_senior_male_onyx_0424.mp3,초본, 지금 관공서 제출용 초본 주민센터 바로 뽑아대주게 최초 본 본사 7일, 지금 관공서 제출용 초본 주민센터 바로 뽑아대주게 최초본 본사 7일,1,1,1,1,
제주도_초본_youngadult_female_alloy_0438.mp3,초본, 아껴처 출용 초번넌부 주민 번호 뒷자리 비공개 뽑아주게 맞음, 아껴처 출용 초벌 3부 주민 번호 뒷자리 비공개 뽑아주게 맞음,0,1,0,1,
제주도_초본_youngadult_female_echo_0475.mp3,초본, 오늘 주민등록 초본 내부 PDF로 주민번호 뒷자리 기공개 바로 발급해 주십시오 택시점 JEE004, 오늘 주민등록 초본 내부 PDF로 주민번호 뒷자리 기공개 바로 발급해 주십시오 택시점 JEE004,1,1,1,1,
제주도_초본_youngadult_female_onyx_0465.mp3,초본," 지금 회사 제출용 초벌 3부, 정부 24현재 주소만 필요하다."," 지금 회사 제출용 초벌 3부, 정부 24현재 주소만 필요하다.",0,0,0,0,
제주도_초본_youngadult_male_alloy_0405.mp3,초본, 지금 대출 서류형 주민등록 처벌한 부 무인민원 발급기 현재 주소만 떼어주게, 지금 대출 서류형 주민 등록 처벌한 부 무인민원 발급기 현재 주소만 떼어주게,0,1,0,1,
제주도_행사_child_female_alloy_0604.mp3,행사, 아침에 가족이랑 갈만한 창원 행사 추천해주스 보지게, 아침에 가족이랑 갈만한 창원 행사 추천해주스 보지게,1,1,1,1,
제주도_행사_child_female_echo_0695.mp3,행사, 저녁에 온화의 장원공연 일정 알려주게 맞음 확인해 줍소, 저녁에 온화의 장원공연 일정 알려주게 맞음 확인해 줍소,0,1,0,1,
제주도_행사_child_female_nova_0646.mp3,행사, 밤에 워낙 울산 공연 예정 알러주게 맞음 확인해 짓어, 밤에 워낙 울산 공연 예정 알러주게 맞음 확인해 주소,0,1,0,1,
제주도_행사_child_male_alloy_0652.mp3,행사, 저녁에 수원 행사 일정 보여주게 알려주게 마심, 저녁에 수원 행사 일정 보여주게 알려주게 마심,1,1,1,1,
제주도_행사_child_male_onyx_0699.mp3,행사, 오해 온할 순천 풀림아깨 다옥과 보주개 행사 620, 오해 온할 순천 풀림아깨 다옥과 보주개 행사 620,1,1,1,1,
제주도_행사_middleaged_female_echo_0679.mp3,행사, 5회 제주 근처 행사정보 알려주게 맞음, 5회 대주 근처 행사정보 알려주게 맞음,1,1,1,1,
제주도_행사_middleaged_female_nova_0664.mp3,행사, 저녁에 오늘 수원 공연 일정 알려주게 마심 확인해 줍서, 저녁에 오늘 수원 공연 일정 알려주게 마심 확인해 줍서,0,1,0,1,
제주도_행사_middleaged_female_onyx_0643.mp3,행사, 저녁에 무료 행사 이수가 포항 고주개, 저녁에 무료 행사 이수가 포항 고주개,1,1,1,1,
제주도_행사_middleaged_female_shimmer_0616.mp3,행사, 아침에 이번 주말 인천축제 일정 보라집서 알러주게 마심, 아침에 이번 주말 인천축제 일정 보라죽소 알러주게 마심,0,1,0,1,
제주도_행사_middleaged_male_nova_0673.mp3,행사, 아침에 오늘 수원 공연 일정 알러주게 마신 부탁하우다 행사 285, 아침에 오늘 수원 공연 일정 알러주게 마신 부탁하우다 행사 285,1,1,1,1,
제주도_행사_senior_female_echo_0609.mp3,행사, 아침에 인천 행사일 일정 보여주게 보지게, 아침에 인천 행사일 일정 보여주게 보지게,1,1,1,1,
제주도_행사_senior_male_alloy_0634.mp3,행사, 아침에 순천 근처 행사 정보 알러주게 맞음 부탁하우다., 아침에 순천 근처 행사 정보 알러주게 맞음 부탁하우다.,1,1,1,1,
제주도_행사_senior_male_alloy_0687.mp3,행사, 오후의 가족이랑 갈만한 대전 행사 추천해 주십시오, 오후의 가족이랑 갈만한 대전 행사 추천해 주십시오,1,1,1,1,
제주도_행사_senior_male_echo_0623.mp3,행사, 다음에 가족이랑 갈만한 광양 행사 추천을 줍서 확인해 줍서, 함에 가족이랑 갈만한 광양 행사 추천을 줍서 확인해 줍서,1,1,1,1,
제주도_행사_senior_male_nova_0641.mp3,행사, 아침에 세종균처 행사정보 알려주게 마심, 아침에 세정균터 행사정보 알려주게 마심,1,1,1,1,
제주도_행사_senior_male_shimmer_0602.mp3,행사, 저녁에 이번 주말 제주 축제 일정 보라줍소 부터커우다., 저녁에 이번 주말 제주 축제 일정 보라줍서 부탁하우다.,0,1,0,1,
제주도_행사_senior_male_shimmer_0698.mp3,행사, 오후에 인천 이벤주 축제 모우과 부탁하우다., 오후에 인천 이벤주 축제 모호과 부탁하우다.,0,0,0,0,
제주도_행사_youngadult_female_alloy_0627.mp3,행사, 오후에 오늘 배구 공연 일정 알려주게 마심 알려주게 마심 행사 416, 오후에 오늘 배구 공연 일정 알려주게 마심 알려주게 마심 행사 416,1,1,1,1,
제주도_행사_youngadult_female_onyx_0691.mp3,행사, 저녁에 무료 행사 있을과 수원 부탁하우다. cpx-a 행사 694, 저녁에 무료 행사 있을과 수원 부탁하우다. cpx-a 행사 694,1,1,1,1,
제주도_행사_youngadult_male_alloy_0613.mp3,행사, 밤의 목포 이번 주 축제 뭐? 알러주게 맞음?, 밤의 목포 이번 주 주제 뭐? 알러주게 맞음?,0,0,0,0,
제주도_행사_youngadult_male_alloy_0684.mp3,행사, 오후에 오늘 광양 행사 모니스과 확인해 줄 수, 오후에 오늘 광양 행사 모니스과 확인해 주십시오.,1,1,1,1,
제주도_행사_youngadult_male_echo_0619.mp3,행사, 밤에 가족이랑 갈만한 수원 행사 추천해 주소, 밤에 가족이랑 갈만한 수원 행사 추천해 주십소,1,1,1,1,
제주도_행사_youngadult_male_echo_0648.mp3,행사, 오후에 오늘 대구 행사 모이스과 확인해 줍서 하하 대이 행사 141, 오후에 오늘 대구 행사 모이스과 확인해 줍서 하하 제이 행사 141,1,1,1,1,
지역_카테고리_senior_female_nova_0700.mp3,카테고리, Menthe, Menten,0,0,0,0,
충청도_가족관계증명서_child_female_shimmer_0055.mp3,가족관계증명서, 그려 내 가족관계 증명서 좀 바보자요, 그려 내 가족관계 증명서 좀 바보자요,1,1,1,1,
충청도_가족관계증명서_middleaged_female_onyx_0058.mp3,가족관계증명서, 가족 관계의 증명서 한 부만 있으면 된가요, 가족 관계의 증명서 한 부만 있으면 된가요?,0,1,0,1,
충청도_가족관계증명서_middleaged_female_shimmer_0072.mp3,가족관계증명서, 그리아 내 이름으로 가족 간 게 증명서 발급 좀 해줘이면 부모님 다 나오나요?, 그리아 내 이름으로 가족 간 게 증명서 발급 좀 해줘이면 부모님 다 나오나요?,0,1,0,1,
충청도_가족관계증명서_middleaged_male_onyx_0005.mp3,가족관계증명서, 가족 관계 직명서가 왜 필요한 기구요?, 가족 관계 직명서가 왜 필요한 기구요?,0,1,0,1,
충청도_가족관계증명서_senior_female_echo_0093.mp3,가족관계증명서, 가족 관계 증명서에 우리 형제들 다 나오실까요?, 가족관계 증명서에 우리 형제들 다 나오실까요?,1,1,1,1,
충청도_가족관계증명서_senior_female_onyx_0012.mp3,가족관계증명서, 그리어 내 가족 관계 직명사진 파도요, 그리어 내 가족 관계 직명사진 받으려,0,1,0,1,
충청도_가족관계증명서_senior_female_onyx_0044.mp3,가족관계증명서," 그려, 가족관계 직명서 발급 좀 해줘요. 스캔에 보내도요."," 그려, 가족관계 직명서 발급 좀 해줘요. 스캔에 보내도요.",0,1,0,1,
충청도_가족관계증명서_senior_male_echo_0006.mp3,가족관계증명서, 가족관계 증명서 발급 신청하랍니다., 가족관계 증명서 발급 신청하랍니다.,1,1,1,1,
충청도_가족관계증명서_senior_male_onyx_0050.mp3,가족관계증명서, 우리 가족 관계 직명서 조명, 우리 가족 관계 직명서 조명,0,1,0,1,
충청도_가족관계증명서_senior_male_shimmer_0008.mp3,가족관계증명서, 급하게 가족 증명서 두부 발급 좀 해줘요 해집 써요, 급하게 가족 증명서 두부 발급 좀 해줘요 해집 써요,0,1,0,1,
충청도_가족관계증명서_senior_male_shimmer_0070.mp3,가족관계증명서, 가족 관계 증명서 상세로 한통 밝음 좀 해줘요, 가족 관계 증명서 상세로 한통 밝음 좀 해줘요,1,1,1,1,
충청도_가족관계증명서_senior_male_shimmer_0096.mp3,가족관계증명서, 상세로 발급 좀 해줘야요. 가족 관계 증명서유, 상세로 발급 좀 해줘야요. 가족 관계 증명서유,1,1,1,1,
충청도_가족관계증명서_youngadult_male_alloy_0030.mp3,가족관계증명서, 가족 관계 증명사 발급 좀 해줘요., 가족 관계 증명서 발급 좀 해줘요.,0,1,1,1,
충청도_가족관계증명서_youngadult_male_onyx_0028.mp3,가족관계증명서," 그래요 요새는 가족관계 직명서를 다 발급 좀 해줘유요, 락하네요"," 그래요 요새는 가족관계 직명서를 다 발급 좀 해줘유요, 락하네요",0,1,0,1,
충청도_가족관계증명서_youngadult_male_shimmer_0076.mp3,가족관계증명서, 인터넷으로 가족 관계 직명서 떨락한다요., 인터넷으로 가족 관계 직명서 떨락한다요.,0,1,0,1,
충청도_건강보험자격득실확인서_child_female_onyx_0117.mp3,건강보험자격득실확인서," 그리고 내역 바 나우계 자격득실 확인서 발급 좀 해줘요, 저"," 그리고 내역 바 나우계 자격득실 확인서 발급 좀 해줘요, 저",0,1,0,1,
충청도_건강보험자격득실확인서_child_male_alloy_0178.mp3,건강보험자격득실확인서, 자격 특신 확인서 한 분 만 주셔요., 자격득신 확인서 한 번만 주셔요.,0,1,0,1,
충청도_건강보험자격득실확인서_child_male_echo_0167.mp3,건강보험자격득실확인서, 자격특실 확인소에 예전 회사 다 나오게 해주세요, 자격특실 확인소에 예전 회사 다 나오게 해주세요,0,1,0,1,
충청도_건강보험자격득실확인서_child_male_onyx_0179.mp3,건강보험자격득실확인서, 콩강보험공단에 전화하실까?, 콩강보험공단에 전화하실까?,0,0,0,0,
충청도_건강보험자격득실확인서_child_male_shimmer_0120.mp3,건강보험자격득실확인서, 자격 득실하긴 해서 한 통만 발급 좀 해줘요 You sure you knew, 자격 득시 확인서 한 통만 발급 좀 해줘요 You sure you knew,0,1,0,1,
충청도_건강보험자격득실확인서_middleaged_female_alloy_0125.mp3,건강보험자격득실확인서, 그리고 건강보험 자격득실을 하긴서 좀 밝읍 좀 해줘요. 요주시오., 그리고 건강보험 자격득치를 하긴 해서 좀 밝읍 좀 해줘요. 요주시오.,0,1,0,1,
충청도_건강보험자격득실확인서_middleaged_female_nova_0134.mp3,건강보험자격득실확인서," 급하게 건보 자격득실 확인서 한부 필요하우다 밝은 빨급 좀 해줘요, 지겨요."," 급하게 건보 자격득실 확인서 한 부 필요하우다 밝은 빨급 좀 해줘요, 유지계요",0,1,0,1,
충청도_건강보험자격득실확인서_middleaged_male_nova_0149.mp3,건강보험자격득실확인서, 그리어 프린트테야 자격특실 확인 서뻣게요, 그려 프린트테야 자격특실 확인 서뻣게요,0,1,0,1,
충청도_건강보험자격득실확인서_middleaged_male_shimmer_0156.mp3,건강보험자격득실확인서," 건강보험 자격 득실 확인서 한 통 발급 좀 해줘요. 야, 쓰겠다."," 건강보험 자격 득실 확인서 한 통 발급 좀 해줘요. 야, 쓰겠다.",1,1,1,1,
충청도_건강보험자격득실확인서_senior_female_shimmer_0171.mp3,건강보험자격득실확인서, 엉량 보험공단 가서 자격 특신을 확인해서 발급 좀 해줘요., 엉냥보험공단 가서 자격특신 확인서 발급 좀 해줘요 고유,0,1,0,1,
충청도_건강보험자격득실확인서_senior_male_alloy_0168.mp3,건강보험자격득실확인서, 자격택시로 확인서 그것 팩스로 바로 되나예요?, 자격택시로 확인서 그것 팩스로 바로 되나예요?,0,1,0,1,
충청도_건강보험자격득실확인서_senior_male_echo_0139.mp3,건강보험자격득실확인서," 그려, 이 지켜서 자격특슈 확인서 내야 된다요"," 그려, 이직해서 자격특수 확인서 내야 된다요",0,1,0,1,
충청도_건강보험자격득실확인서_youngadult_female_echo_0157.mp3,건강보험자격득실확인서, 건강보험 자격특실 활인서 발급 좀 해줘요. 가야 된다요., 건강보험 자격특실 활인서 발급 좀 해줘요. 가야 된다요.,0,1,0,1,
충청도_건강보험자격득실확인서_youngadult_female_nova_0147.mp3,건강보험자격득실확인서, 그리고 건강보험 공단에 전화해야 할까? 자격특실 확인서요., 그리고 건강보험 홍단에 전화해야 할까? 자족특실 확인서요.,0,1,0,1,
충청도_날씨_child_female_echo_0270.mp3,날씨, 나이씨 플림은 등산이나 가불어야지요, 나이씨 플림은 등산이나 가불어야지요,0,0,0,0,
충청도_날씨_child_female_echo_0293.mp3,날씨, 내일 아이스보고 빨리 해야 쓰웠다요., 내일 아이스보고 빨리 해야 쓰웠다요.,0,0,0,0,
충청도_날씨_child_female_nova_0230.mp3,날씨, 그리고 오늘 날씨가 진짜 변덕이 죽글뜩 하네요, 그리고 오늘 날씨가 진짜 변덕이 죽글뜩 하네요,1,1,1,1,
충청도_날씨_child_female_onyx_0255.mp3,날씨, 날씨 풀리면 등산이나 가자요., 날씨 풀리면 등산이나 가자요.,1,1,1,1,
충청도_날씨_child_female_onyx_0296.mp3,날씨, 오늘 우산 필요하네요. 대전요., 오늘 우산 필요하네요. 대전요.,0,0,0,0,
충청도_날씨_child_male_nova_0206.mp3,날씨, 오늘 창원 날씨 었던 호과요?, 오늘 차원 날씨 어떤 호흡과요?,1,1,1,1,
충청도_날씨_middleaged_female_echo_0205.mp3,날씨, 이렇게 날씨 좋은데 집에 있나요?, 이렇게 날씨 좋은데 집에 있나요?,1,1,1,1,
충청도_날씨_middleaged_female_onyx_0272.mp3,날씨, 습도가 높아갔고 영집집해 보네요., 습도가 높아갔고 영집집해 보네요,0,0,0,0,
충청도_날씨_senior_female_alloy_0212.mp3,날씨, 포항 바람 하영 북주가요, 포항 바람 하영 북주가요,0,0,0,0,
충청도_날씨_senior_male_alloy_0228.mp3,날씨, 날씨 오프을 한 번 켜바라요., 날씨 오프을 한 번 켜바라요.,1,1,1,1,
충청도_날씨_senior_male_echo_0208.mp3,날씨, 강수왕률 넷프로고요., 강수왕률 랩 프로고야?,0,0,0,0,
충청도_날씨_senior_male_shimmer_0250.mp3,날씨, Intercom!, IN progress,0,0,0,0,
충청도_날씨_youngadult_female_alloy_0276.mp3,날씨, 오늘 우산 필요한의 유 대전유., 오늘 우산 필요한의 유 대전유.,0,0,0,0,
충청도_날씨_youngadult_male_nova_0244.mp3,날씨, 나이스도 좋은데 시원한 거나 먹자요?, 나이 수도 좋은데 시원한 거나 먹자요,0,0,0,0,
충청도_날씨_youngadult_male_onyx_0258.mp3,날씨,日本でかな、アノンでかなよ,日本でかな、アノンでかなよ,0,0,0,0,
충청도_등본_child_female_nova_0383.mp3,등본, 그려 주민등록 등분 두부 바로 발급정 해줘요? 해야될래요?, 그래요 주민등록 등분 두 분 바로 발급정 해줘요? 해야될래요?,0,1,0,1,
충청도_등본_child_female_nova_0386.mp3,등본, 등본 한 통만 얼른 발급 좀 해줘요. 와야요., 등본 한 통만 얼른 발급 좀 해줘요. 와야요.,1,1,1,1,
충청도_등본_child_female_onyx_0320.mp3,등본, 2민센터 문 닫기 전에 등본 발급 중 해줘요. 온라이오, 2민센터 문 닫기 전에 등본 발급 중 해줘요. 온라이오,1,1,1,1,
충청도_등본_child_female_onyx_0366.mp3,등본, 그리어? 등몬 일부 필요하네요. 요소 발급 좀 해줘요. 해줄래요?, 그리어? 등본 일부 필요하네요. 요소 발급 좀 해줘요. 해줄래요?,0,1,1,1,
충청도_등본_child_female_shimmer_0303.mp3,등본, 시간 남은 등봉한 통만 발급 좀 해줘요. 쭉 소요, 시간 남은 등봉한 통만 발급 좀 해줘요. 쭉 소요,0,1,0,1,
충청도_등본_child_male_alloy_0336.mp3,등본, 아버지 등분이 필요한데 우연호유, 아버지 등분이 필요한데 우연호유,0,0,0,0,
충청도_등본_child_male_nova_0327.mp3,등본, 내 등분 좀 발급 좀 해줘요 나라요, 내 등분 좀 발급 좀 해줘요 나라유,0,1,0,1,
충청도_등본_child_male_onyx_0381.mp3,등본, 이 가는 길에 등본도 종류., 이 가는 길에 등본도 종류.,1,1,1,1,
충청도_등본_middleaged_female_alloy_0306.mp3,등본," 컴퓨터로 등 본점, 밝음점, 해줘요 저잉요"," 컴퓨터로 등 본점, 발급점, 해줘요 저행료",1,0,1,1,
충청도_등본_middleaged_male_nova_0382.mp3,등본, 주민 등록 등본 발급 좀 해줘야 하는 거 쉽당께요., 주민 등록 등본 발급 좀 해줘야 하는 거 쉽당께요.,1,1,1,1,
충청도_등본_senior_female_echo_0384.mp3,등본, 등본 발급 좀 해줘요. 이럴까? 가야 되는데. 귀찮네요., 등분 배급 좀 해줘요. 가야 되는데 귀찮네요.,1,1,0,1,
충청도_등본_senior_female_shimmer_0346.mp3,등본," 등번, 그것은 어디인지서 발극점 해줘, 유는 것이예요?"," 등번, 그것은 어디인지서 발극점 해줘, 유는 것이여요?",0,0,0,0,
충청도_등본_senior_female_shimmer_0389.mp3,등본, 주민등록 등본 겁나게 빨리 필요하단께요., 주민등록 등본 겁나게 빨리 필요하단께요.,1,1,1,1,
충청도_등본_youngadult_female_alloy_0349.mp3,등본,全部都開好了, 몽크가 어딘지서 파이크 좀 해줘요 노유,0,0,0,0,
충청도_등본_youngadult_female_alloy_0370.mp3,등본, 등본 발급 좀 해줘요는 것 좀 도와도요, 등본 발급 좀 해져 있는 것 좀 도와도요,1,1,1,1,
충청도_등본_youngadult_female_shimmer_0309.mp3,등본, 오늘 중으로 등 본설형 가져와 라인유, 오늘 중으로 등분 서류 가져와 라인유,1,0,0,0,
충청도_등본_youngadult_female_shimmer_0357.mp3,등본, 은행 제출용으로 등본 한통 발급점 해줘요 주소유, 은행 제출용으로 등본 한통 발급점 해줘요 주소유,1,1,1,1,
충청도_등본_youngadult_male_echo_0308.mp3,등본, 눈번 한통 발급받으러 왔는데요., 눈번 한통 발급받으러 왔는데요.,0,1,0,1,
충청도_등본_youngadult_male_nova_0353.mp3,등본, 딩본 떨라면 신분째 있어야 하지요?, 딩본 딸라면 신분제 있어야 허즈유,0,0,0,0,
충청도_등본_youngadult_male_onyx_0395.mp3,등본," 그려 아버지 등분이 필요한데, 어때요?"," 그려 아버지 등분이 필요한데, 어때요?",0,0,0,0,
충청도_등본_youngadult_male_shimmer_0358.mp3,등본, 오늘 중으로 등본 서류 가져올나요?, 오늘 중으로 등본 서류 가져올나요?,1,1,1,1,
충청도_초본_child_female_shimmer_0457.mp3,초본, 초본 배급 좀 해줘야 하는 것은 처음인 류., 초본 배급 좀 해줘야 하는 것은 처음인 류,1,1,1,1,
충청도_초본_child_male_nova_0453.mp3,초본, 처본 한 장만 있으면 된DIO?, 처벌 한 장만 있으면 된DIU,0,0,0,0,
충청도_초본_child_male_onyx_0482.mp3,초본, 초보는 왜 필요하다可能요," 초보는 왜 필요하다,か노요?",0,0,0,0,
충청도_초본_child_male_shimmer_0484.mp3,초본, 일부 주민등록 초본 발급점 해줘야 해요., 일부 주민등록초본 발급점 해줘야 해요.,1,1,1,1,
충청도_초본_middleaged_female_echo_0449.mp3,초본," 그리야, 지금 야 주민등록 초본 다익급점 해줘요 밝급점 해줘요 트로프서요"," 그리야, 지금 야 주민등록 초본 다익급점 해줘요 발급점 해줘요 튜브 써요",1,1,1,1,
충청도_초본_middleaged_female_nova_0489.mp3,초본, 그려 4부 주민등록 초본 발급점 해줘요. 해주실래요?," 그려, 4부 주민등록 초본 발급점 해줘요. 해 주실래요?",1,1,1,1,
충청도_초본_middleaged_female_shimmer_0466.mp3,초본, 등본 말고 초본으로 발급 좀 해줘요., 등본 말고 초본으로 발급 좀 해줘요,1,1,1,1,
충청도_초본_middleaged_male_echo_0481.mp3,초본," 개난, 주민등록 초본, 발급주개 맞으며"," 개난, 듬인 등록 초본, 발급주개 맞으며",1,1,1,1,
충청도_초본_middleaged_male_nova_0446.mp3,초본, 그리고 여기 초번도 떼 수 있을까요?, 그리고 여기 초번도 떼 수 있을까요?,0,0,0,0,
충청도_초본_middleaged_male_shimmer_0458.mp3,초본," 내 초본점, 발급점 해줘요 줄아요."," 내 초본점, 발급점 해줘요 줄아요.",1,1,1,1,
충청도_초본_senior_female_alloy_0436.mp3,초본, 초보내 주소 다 나온 거 맞지 라요?, 초보내 주소 단아온거 맞지 라요?,0,0,0,0,
충청도_초본_senior_female_nova_0470.mp3,초본, 저번 배급 되나요?, 저번 발급 되나요?,0,0,0,1,
충청도_초본_senior_male_alloy_0408.mp3,초본, 등번 말고 초번으로 발급점 해줘요, 등번 말고 초번으로 발급 좀 해줘요,0,1,0,1,
충청도_초본_senior_male_echo_0406.mp3,초본, 내 주민등록 초본 한통 발급 좀 해줘요 너요, 내 주민등록 초본 한통 발급 좀 해줘요 너요,1,1,1,1,
충청도_초본_senior_male_echo_0427.mp3,초본, 그리고 여기 초본도 떼 수 있을까요?, 그리고 여기 초본도 떼 수 있을까요?,1,1,1,1,
충청도_초본_senior_male_shimmer_0420.mp3,초본, 초보원 한 통 발급 좀 해줘야 되는데 시간 얼마나 걸리노여?, 초보한 한통 발급 좀 해줘야 되는데 시간 얼마나 걸리노여?,0,1,0,1,
충청도_초본_youngadult_female_onyx_0486.mp3,초본," 이번엔 초본으로 발급 좀 해줘요. 야, 텐데요?"," 이번엔 초본으로 발급 좀 해줘요. 야, 텐데요?",1,1,1,1,
충청도_초본_youngadult_male_alloy_0483.mp3,초본, 지금요 주민등록 처벌 2부 발급점 해줘요 발급점 해줘요 두개 맞슴유, 지금요 주민등록 처벌 2부 발급점 해줘요 발급점 해줘요 두개 맞슴유,0,1,0,1,
충청도_초본_youngadult_male_nova_0403.mp3,초본, 초본 한 장만 퍼특 조보실요., 초본 한 장만 퍼특 조보시오요,1,1,1,1,
충청도_초본_youngadult_male_shimmer_0409.mp3,초본, 산 애들은 초본 때 일이 많아요., 산 애들은 초본 때 일이 많아요.,1,1,1,1,
충청도_초본_youngadult_male_shimmer_0495.mp3,초본, 저번 한 장만 있으면 된 디아이요., 저번 한 장만 있으면 된 디아이요.,0,0,0,0,
충청도_축제_child_female_alloy_0581.mp3,축제, 야시장 열리는 축제 가요, 야시장 열리는 축제 가요.,1,1,1,1,
충청도_축제_child_female_alloy_0589.mp3,축제, 이번 축제는 모 좀 다른 거 하나요?, 이번 축제는 모 좀 다른 거 하나요?,1,1,1,1,
충청도_축제_child_female_echo_0502.mp3,축제, 이번 버터 축제는 언제 다녀요?, 이번 버터곡 축제는 언제 다녀요?,1,1,1,1,
충청도_축제_child_female_echo_0583.mp3,축제, 축제 갈랑은 참 악길 난데요, 주제 갈랑은 참 악길 낀 데요,1,1,0,1,
충청도_축제_child_female_nova_0550.mp3,축제, 그리아 우리 동네 측되는 언제따요?, 그리아 우리 동네 측되는 언제따요?,0,0,0,0,
충청도_축제_child_female_onyx_0538.mp3,축제, 대학 축제 구경가장께요., 대학 축제 구경가장께요.,1,1,1,1,
충청도_축제_child_female_onyx_0542.mp3,축제, 대학 축제 보러 가자요., 내 학축제 보러 가자요.,1,1,1,1,
충청도_축제_child_female_onyx_0571.mp3,축제," 그려, 이번에 축제 뭐하노요?", 그려! 이번에 축제 뭐하노요?,1,1,1,1,
충청도_축제_child_female_shimmer_0574.mp3,축제, 대학 축제 보러 가자 요, 예약 축제 보러 가자요,1,1,1,1,
충청도_축제_child_male_echo_0501.mp3,축제, 이번 축제는 뭐 좀 다른 거 할까요?, 이번 축제는 뭐 좀 다른 거 할까요?,1,1,1,1,
충청도_축제_child_male_nova_0518.mp3,축제, 축제하는데 차될 때 있겠나요?, 죽지 않은데 차데일 때 있겠나요?,1,1,0,1,
충청도_축제_child_male_onyx_0527.mp3,축제," 그려, 축제 마지막 날이라 사람 많다요"," 그려, 축제 마지막 날이라, 사람 많다요",1,1,1,1,
충청도_축제_child_male_shimmer_0526.mp3,축제, 이번 축제는 좀 재밌지겠냐 요?, 이번 축제는 좀 재미지겠냐 요?,1,1,1,1,
충청도_축제_middleaged_female_echo_0503.mp3,축제, 이번에 축제 뭐 한다냐용?, 이번에 축제 뭐 한다냐용?,1,1,1,1,
충청도_축제_middleaged_female_echo_0569.mp3,축제," 축제하는 뒤, 자들 때 익었어요"," 축제하는 뒤, 자될 때 입꼈어요",1,1,1,1,
충청도_축제_middleaged_female_echo_0587.mp3,축제, 축제 가수 두고 오는 요, 축제 가수 두고 오는 요,1,1,1,1,
충청도_축제_middleaged_female_onyx_0510.mp3,축제, 그려 해변 축제보로 가장 깨요, 그려 해변 축제보로 가장 깨요,1,1,1,1,
충청도_축제_middleaged_female_onyx_0549.mp3,축제, 쉽지에 가서 만난 거 사목자인유, 쉽지에 가서 만난 거 사목자인유,0,0,0,0,
충청도_축제_middleaged_female_onyx_0596.mp3,축제, 쥐하는데 주차할 때 있나요?, 쭉쭉 지하는데 주차할 때 있나요?,0,0,0,0,
충청도_축제_middleaged_male_alloy_0516.mp3,축제, 해변 축제 보러 가자요., 해변 축제 보러 가자요.,1,1,1,1,
충청도_축제_middleaged_male_echo_0554.mp3,축제, 이번 축제는 모종 다른 거 할까요?, 이번 특제는 모종 다른 거 할까요?,1,1,0,1,
충청도_축제_middleaged_male_onyx_0544.mp3,축제," 그리어, 축제 가수 누구 오노요?"," 그리오, 축제 가수 누구 오노요?",1,1,1,1,
충청도_축제_senior_female_echo_0592.mp3,축제, 이번에 축제 뭐하노요?, 이번에 축제 뭐 하노요?,1,1,1,1,
충청도_축제_senior_female_shimmer_0545.mp3,축제, 그래 이번 축제는 좀 재밌겠나요?, 그래 이번 주째는 좀 재밌겠나요?,1,1,0,1,
충청도_축제_senior_female_shimmer_0564.mp3,축제, 거기 축제 제모 딱 하대요?, 거기 축제 제모 딱 하대요?,1,1,1,1,
충청도_축제_senior_male_alloy_0508.mp3,축제, 오늘부터 축제 시작이다요, 오늘부터 축제 시작이다요,1,1,1,1,
충청도_축제_senior_male_echo_0539.mp3,축제, 고식이 직제 겁나게 재밌다고 호듬한요," 거식이 축제, 겁나게 재미지다고 헛음하며",0,0,1,1,
충청도_축제_senior_male_shimmer_0524.mp3,축제, 주말의 축제 구경이나 가자요, 주말의 축제 구경이나 가자요,1,1,1,1,
충청도_축제_senior_male_shimmer_0540.mp3,축제, 축추가일 때 모입고 갈까요?, 축추가 이때 뭐 입고 갈까요?,0,0,0,0,
충청도_축제_youngadult_female_alloy_0535.mp3,축제, 이번 버트꽃 측제는 언제 다녀요?, 이번 버터 측제는 언제 다녀요?,0,0,0,0,
충청도_축제_youngadult_female_alloy_0559.mp3,축제, 그리어 오늘부터 축제시작이다요., 그리어 오늘부터 축제 시작이 나요.,1,1,1,1,
충청도_축제_youngadult_female_nova_0560.mp3,축제, 밤에 하는 불꽃 축제할까요?, 밤에 하는 불꽃 축제할까요?,1,1,1,1,
충청도_축제_youngadult_female_onyx_0532.mp3,축제, 우리도 축제 부스 하나 내볼까나요?, 우리도 축제 부스 하나 내볼까나요?,1,1,1,1,
충청도_축제_youngadult_female_onyx_0533.mp3,축제, 해왕 축제 구경과장께요, 해왕 축제 구경과 장께요,1,1,1,1,
충청도_축제_youngadult_female_shimmer_0566.mp3,축제, 가을앤 원축제가 있나요?, 가을앤 원 축제가 있나요?,1,1,1,1,
충청도_축제_youngadult_female_shimmer_0580.mp3,축제, 축제하는 뒤 차될 때 익었어요?, 축제하는 뒤 차될 때 익었어요?,1,1,1,1,
충청도_축제_youngadult_male_nova_0517.mp3,축제, 해변 축제 보러 가자요., 해변 특제 보러 가자요.,1,1,0,1,
충청도_축제_youngadult_male_nova_0541.mp3,축제, 오늘부터 죽제 시작이예요, 오늘부터 죽제 시작이예요,0,0,0,0,
충청도_축제_youngadult_male_nova_0568.mp3,축제, 이번에 축제 뭐하노요?, 이번에 축제 뭐하노요?,1,1,1,1,
충청도_축제_youngadult_male_onyx_0506.mp3,축제, 저 초대가서 누구라고 그라데요?, 제 초대가서 누구라고 그라데요?,0,0,0,0,
충청도_행사_child_female_alloy_0650.mp3,행사, 대주 행사 일정 보여주기요, 대주 행사 일정 보여주기요,1,1,1,1,
충청도_행사_child_female_alloy_0696.mp3,행사, 가족이랑 갈만한 서울 행사 추천해줘요., 가족이랑 갈만한 서울 행사 추천해줘요.,1,1,1,1,
충청도_행사_child_female_onyx_0670.mp3,행사," 무료 행사 있나요, 채주유?"," 무료 행사 있나요, 체줘?",1,1,1,1,
충청도_행사_child_male_nova_0672.mp3,행사, 모래 서울 행사 뭐 있어요?, 모래 서울 행사 뭐 있어요?,1,1,1,1,
충청도_행사_child_male_shimmer_0606.mp3,행사, 무료 행사에 습과 세정유," 무료 행사, 잇, 숙과 세정유",1,1,1,1,
충청도_행사_middleaged_female_nova_0608.mp3,행사, 내일 근처 행사 뭐 있죠?, 내일 근처 행사 뭐 있죠?,1,1,1,1,
충청도_행사_middleaged_female_shimmer_0655.mp3,행사, 이려 포항 행사 일정 확인할게요., 이려 포항 행사 일정 확인할게요.,1,1,1,1,
충청도_행사_middleaged_male_echo_0644.mp3,행사, 정주 행사 일정 보여주게요., 정주 행사 일정 보여주게요.,1,1,1,1,
충청도_행사_middleaged_male_nova_0658.mp3,행사, 내일 근처 행사 보이죠?, 내일 근처 행사 보이죠?,1,1,1,1,
충청도_행사_senior_female_alloy_0605.mp3,행사, 내일 근처 행사 뭐 있죠?, 내일 근처 행사 뭐 있죠?,1,1,1,1,
충청도_행사_senior_female_nova_0693.mp3,행사, 제주행사 일정 보여주게 요., 제주행사의 정 보여주게 요.,1,1,1,1,
충청도_행사_senior_male_shimmer_0628.mp3,행사, 모래 서울 행사 뭐 있어요?, 모래 서울 행사 뭐 있어요?,1,1,1,1,
충청도_행사_youngadult_female_nova_0676.mp3,행사, 가족이랑 갈만한 세종 행사 추천해 줍어요, 가족이랑 갈만한 세종 행사 추천해 줍어요,1,1,1,1,
충청도_행사_youngadult_female_shimmer_0612.mp3,행사, 무료 행사 있나요? 제주유?, 무료 행사 있나요? 제주유?,1,1,1,1,
충청도_행사_youngadult_female_shimmer_0630.mp3,행사, 호항 행사일정 확인할게요., 호황 행사 일정 확인할게요.,1,1,1,1,
표준어_가족관계증명서_child_female_nova_0054.mp3,가족관계증명서, 오늘 대출설 이용 가족관계 직명서 세 볼 때고 싶어요., 오늘 대출설 이용 가족관계 직명서 세 볼 때고 싶어요.,0,1,0,1,
표준어_가족관계증명서_child_female_shimmer_0017.mp3,가족관계증명서, 오늘 가족 관계 진명서 두부 발급해 하시타버스트 가족 7이고, 오늘 가족 관계 진명서 두부 발급해 하시타버스트 가족 7이고,0,1,0,1,
표준어_가족관계증명서_child_male_alloy_0082.mp3,가족관계증명서, 지금 이부 가족 관계 직명서 뽑아 해, 지금 이부 가족관계 증명서 뽑아 해,0,1,1,1,
표준어_가족관계증명서_child_male_onyx_0067.mp3,가족관계증명서," 오늘 입사 지원 서류, 가족 관계 증명서, 두부, 주민센터 떼고 싶어요."," 오늘 입사 지원 서류, 가족 관계 증명서, 두부, 주민센터 떼고 싶어요",1,1,1,1,
표준어_가족관계증명서_middleaged_female_alloy_0056.mp3,가족관계증명서, 가능하면 빨리 가족 증명서 3위 바로 발급해 주실래요?, 가능하면 빨리 가족 증명서 3위 바로 발급해 주실래요?,0,1,0,1,
표준어_가족관계증명서_middleaged_female_nova_0040.mp3,가족관계증명서, 당장 회사 지출료는 가족 관계 증명서 떼고 싶어해, 당장 회사 제출용 가족 관계 증명서 떼고 싶어해,1,1,1,1,
표준어_가족관계증명서_middleaged_male_alloy_0069.mp3,가족관계증명서, 안금 가족 증명서 한부 바로 발급해주실래요?, 안금 가족 증명서 한부 바로 발급해주실래요?,0,1,0,1,
표준어_가족관계증명서_middleaged_male_shimmer_0092.mp3,가족관계증명서," 안장 관공서 제출용, 가족 증명서 세부 PDF로 발급 가능할까요?", 안장 관공서 제주룡 가족 증명서 세부 PDF로 발급 가능할까요?,0,1,0,1,
표준어_가족관계증명서_senior_female_nova_0077.mp3,가족관계증명서, 당장 대출 서유용 가족관계 증명서 두부 떼고 싶어요 부탁해요, 당장 대출 서유용 가족관계 증명서 두부 떼고 싶어요 부탁해요,1,1,1,1,
표준어_가족관계증명서_senior_male_nova_0066.mp3,가족관계증명서, 지금 관곤서 제출룬 가족관계 직량서 내부 주민센터 떼고 싶어요, 지금 관곤서 제출용 가족 관계 직량서 내부 주민센터 떼고 싶어요,0,1,0,1,
표준어_가족관계증명서_senior_male_shimmer_0075.mp3,가족관계증명서, 방금 두부 가족관계 직명서 지금 뽑아예 부탁해요., 방금 두부 가족관계 직명서 지금 뽑아예 부탁해요.,0,1,0,1,
표준어_가족관계증명서_youngadult_female_alloy_0031.mp3,가족관계증명서, 가족 증명서 이부 정부 24 때고 싶어요, 가족 증명서 이부 정보 24 때고 싶어요,0,1,0,1,
표준어_가족관계증명서_youngadult_female_alloy_0045.mp3,가족관계증명서, 지금 가족 증명서 지금 뽑아주세요, 지금 가족 직명서 지금 뽑아주세요,0,1,0,1,
표준어_가족관계증명서_youngadult_male_echo_0049.mp3,가족관계증명서, 지금 일부 가족 진명서 뽑아해 가는 갈까요?, 지금 일부 가족 진명서 뽑아해 가는 갈까요?,0,1,0,1,
표준어_가족관계증명서_youngadult_male_echo_0051.mp3,가족관계증명서, 당장 네 부가족 증명서 지금 뽑아야 가능할까요? ST 가족 551, 당장 네 부가족 증명서 지금 뽑아야 가능할까요? ST 가족 551,0,1,0,1,
표준어_가족관계증명서_youngadult_male_nova_0094.mp3,가족관계증명서, 지금 회사 제출용 가족 증명서 PDF로 현재 주소만 출력해 주실래요?, 지금 회사 제출용 가족 증명서 PDF로 현재 주소만 출력해 주실래요?,0,1,0,1,
표준어_건강보험자격득실확인서_child_female_alloy_0174.mp3,건강보험자격득실확인서," 가능하면 빨리 학교 제출용 건보, 자격특실, 확인서 무인민원 발급기 때고 싶어요.", 가능하면 빨리 학교 제출용 건보 자격특실 확인서 무인민원 발급기 때리고 싶어요,0,1,0,1,
표준어_건강보험자격득실확인서_child_female_nova_0104.mp3,건강보험자격득실확인서, 방금 3부 자격 등시유 확인서 뽑아 해줘요., 방금 3부 자격 등시효 확인서 뽑아 해줘요,0,1,0,1,
표준어_건강보험자격득실확인서_child_female_onyx_0152.mp3,건강보험자격득실확인서, 앞교 제출용 건보 자격특실 확인서 일부 주민센터 인소에 해 주실래요?, 앞교 제출용 건보 자격특실 확인서 일부 주민센터 인소해 주실래요?,0,1,0,1,
표준어_건강보험자격득실확인서_child_female_shimmer_0146.mp3,건강보험자격득실확인서, 지금 자격득 씨를 확인서 한 부 모바일 떼고 싶어요, 지금 자격득 씨를 확인서 한 부 모바일 때고 싶어요,0,1,0,1,
표준어_건강보험자격득실확인서_child_male_nova_0122.mp3,건강보험자격득실확인서," 애출 서류용, 건강보험 자격득실 확인서 내부 모바일 출력해 부탁해요."," 애출 서류용, 건강보험 자격득실 확인서 내부 모바일 출력해 부탁해요.",1,1,1,1,
표준어_건강보험자격득실확인서_child_male_shimmer_0161.mp3,건강보험자격득실확인서," 당장 학교 제출용, 건강보험 자격득실 확인서 내부 PD에 부럴때고 싶어요."," 당장 학교 제출용, 건강 모험 자격득실 확인서 내부 PD에 부럴때고 싶어요.",1,1,0,1,
표준어_건강보험자격득실확인서_middleaged_female_alloy_0141.mp3,건강보험자격득실확인서, 가능하면 빨리 대출 서류용 건강보험 자격 득실 확인서 세부 정보 24 대고 싶어요., 가능하면 빨리 대출 서류용 건강보험 자격특실 확인서 세부 정보 24대고 싶어요.,1,1,0,1,
표준어_건강보험자격득실확인서_middleaged_female_nova_0196.mp3,건강보험자격득실확인서, 안금 학교 제출용 자격득실 확인서 한 부 주민센터 때고 싶어요, 안금 학교 제출용 자격득실 확인서 한 부 주민센터 때고 싶어요,0,1,0,1,
표준어_건강보험자격득실확인서_senior_female_nova_0126.mp3,건강보험자격득실확인서," 관공서 제출용, 건보 자격특실 확인서 두부 모바일 때고 싶어요."," 관곰서 제출용, 건보 자격 득실 확인서 두부 모바일 떼고 싶어요.",0,1,0,1,
표준어_건강보험자격득실확인서_senior_male_echo_0102.mp3,건강보험자격득실확인서, 방금 입사지원 서류 자격득실 확인서 3부 정부 24 과거 주소 포함," 방금 입사지원 서류 자격득실 확인서 3부, 정부 24, 과거 주소 포함",0,1,0,1,
표준어_건강보험자격득실확인서_senior_male_onyx_0138.mp3,건강보험자격득실확인서," 권보자격득실 확인서 1, 2, 발급해 주실래요?"," 권보자격득실 확인서 1, 2, 발급해 주실래요?",0,1,0,1,
표준어_건강보험자격득실확인서_youngadult_female_nova_0151.mp3,건강보험자격득실확인서, 가능하면 빨리 건강보험 자격득쇼 확인서 세부 발급해., 가능하면 빨리 건강보험 자격득수 확인서 세부 발급해,0,1,0,1,
표준어_건강보험자격득실확인서_youngadult_female_shimmer_0143.mp3,건강보험자격득실확인서, 당장 회사 제출용 건강보험 자격득실 확인서 세부 발급해 줘요, 당장 회사 제출용 건강보험 자격득실 확인서 세부 발급해 줘요,1,1,1,1,
표준어_건강보험자격득실확인서_youngadult_female_shimmer_0197.mp3,건강보험자격득실확인서," 입사지원 서류, 건강보험 자격특실 확인서 한부, 주민센터 현재 주소만 발급해", 입사지원 서류 건강보험 자격특실 확인서 한부 주민센터 현재 주소만 발급해,0,1,0,1,
표준어_건강보험자격득실확인서_youngadult_male_alloy_0170.mp3,건강보험자격득실확인서, 가능하면 빨리 광공사 제출용 건보 자격득실 확인서 2부 정부 24 빼고 싶어요, 가능하면 빨리 광공사 대출용 건보 자격득실 확인서 2부 정부 24 빼고 싶어요,0,1,0,1,
표준어_건강보험자격득실확인서_youngadult_male_alloy_0189.mp3,건강보험자격득실확인서," 당장 산부, 건보 자격득실 확인서 지금 뽑아해보았다.", 당장 산부검보 자격득실 확인서 지금 뽑아해보았다.,0,1,0,1,
표준어_날씨_child_female_alloy_0254.mp3,날씨, 모래 전역 수원 날씨 어때요? 부탁해요, 모래 전역 수원 날씨 어때요? 부탁해요,1,1,1,1,
표준어_날씨_child_female_alloy_0266.mp3,날씨, 오늘 오후 전주 날씨 어때요?, 오늘 오후 전주 날씨 어때요?,1,1,1,1,
표준어_날씨_child_female_echo_0292.mp3,날씨, 밤에 울산 날씨 요약 부탁해요., 밤에 울산 날씨 요약 부탁해요.,1,1,1,1,
표준어_날씨_child_female_nova_0275.mp3,날씨, 밤에 춘천 기운 알려주세요. 도탁해요., 밤에 춘천 기운 알려주세요. 도탁해요.,0,0,0,0,
표준어_날씨_child_female_shimmer_0251.mp3,날씨, 오후의 광양발함 강해요? 부탁해요., 오후의 광양발함 강해요? 부탁해요.,0,0,0,0,
표준어_날씨_child_male_alloy_0249.mp3,날씨, 내일 오후 6날씨 어때요? 확인할게요, 내일 5v6 날씨 어때요? 확인할게요,1,1,1,1,
표준어_날씨_child_male_shimmer_0269.mp3,날씨, 모레아친 체감온도는 어떨까요? 전주 확인할게요., 모레아친 체감온도는 어떨까요? 전주 확인할게요.,0,0,0,0,
표준어_날씨_middleaged_female_alloy_0240.mp3,날씨, 이번 주 금요일 아침 체감 운동은 어떨까요 광주?, 이번 주 금요일 아침 체감 온도는 어떨까요 광주?,0,0,0,0,
표준어_날씨_middleaged_female_nova_0267.mp3,날씨," 이번 주말 오후, 기산 강소 확률 알려줘요 볼게요"," 이번 주말 오후, 기산 강소 확률 알려줘요 볼게요",0,0,0,0,
표준어_날씨_middleaged_male_nova_0245.mp3,날씨, 모레오 후 체감 온도는 어떨까요? 춘천 볼게요., 모레오 후 체감 온도는 어떨까요? 춘천 볼게요.,0,0,0,0,
표준어_날씨_middleaged_male_onyx_0282.mp3,날씨, 밤의 목포 바람 강해요., 밤의 목포 바람 강해요.,0,0,0,0,
표준어_날씨_middleaged_male_onyx_0294.mp3,날씨, 밤에 울산 날씨 요약 부탁해요. 확인할게요., 밤에 울산 날씨 요약 부탁해요. 확인할게요.,1,1,1,1,
표준어_날씨_senior_male_alloy_0231.mp3,날씨, 오늘 오후 눈 오나요? 전주 부탁해요., 오늘 오후 눈 오나요? 전주 부탁해요.,0,0,0,0,
표준어_날씨_youngadult_female_nova_0217.mp3,날씨, 오늘 오후 체감 온도는 어떨까요? 춘천 알려주세요., 오늘 오후 체감 온도는 어떨까요? 춘천 알려주세요.,0,0,0,0,
표준어_날씨_youngadult_male_alloy_0277.mp3,날씨, 전역의 울산화시 요약 부탁해요. 부탁해요., 전역의 울산화시 요약 부탁해요. 부탁해요.,0,0,0,0,
표준어_날씨_youngadult_male_echo_0256.mp3,날씨, 내일 밤 눈 오나요? 부산 알려주세요, 내일 밤 두 놈 나요? 부산 알려주세요,0,0,0,0,
표준어_등본_child_female_alloy_0373.mp3,등본, 오늘 주민등록 등뽕 PDF로 주민번호 뒷자리 비공개 발급해주세요, 오늘 주민등록 등뽕 PDF로 주민번호 뒷자리 비공개 발급해주세요,0,1,0,1,
표준어_등본_child_female_nova_0347.mp3,등본, 회사 제출용 주민등록 등몬 일부 기대해 프로 주민번호 뒷자리 비공개 출력해 하시타크스트 등몬 803, 회사 제출용 주민등록 등몬 일부 기대해 프로 주민번호 뒷자리 비공개 출력해 하시타크 스튬 등몬 803,0,1,0,1,
표준어_등본_senior_female_alloy_0396.mp3,등본, 지금 회사 제주령 등본 내부 주민센터 과거 주소포함 인사해 줄래요? ST 등본 736, 지금 회사 제주령 등번 내부 주민센터 과거 주소포함 인세해 줄래요? ST 등번 736,1,1,0,1,
표준어_등본_senior_female_onyx_0392.mp3,등본, 지금 등몬 이부 바로 발급해주세요. 하시다게 스티 등몬 1.5초쯤., 지금 등봉 이부 바로 발급해주세요. 하시덩의 스티 등봉 1.5초쯤.,0,1,0,1,
표준어_등본_senior_female_shimmer_0318.mp3,등본, 가능하면 빨리 학교 제출용 등몬 두부 피대 프로 발급 가능할까요? 하시테그 등몬 76, 가능하면 빨리 학교 제출룡 등몬 두부 피대프로 발급 가능할까요? 하시테그 등몬 76,0,1,0,1,
표준어_등본_senior_female_shimmer_0385.mp3,등본, 안금 대출사료용 주민등록 등분 내부 떼고 싶어요, 안금 대출사료형 주민등록 등분 내부 떼고 싶어요,0,1,0,1,
표준어_등본_youngadult_male_echo_0374.mp3,등본, 지금 회사 제 취용 지민 등록 등론 PDF로 현재 주소만 출력해주세요 ST 등론 698, 지금 회사 제 주용 지민 등록 등론 비디 애프로 현재 주소만 출력해주세요 ST 등론 698,0,0,0,0,
표준어_등본_youngadult_male_nova_0356.mp3,등본, 주민 등록 등론 한부 바로 발급해, 주민등록 등론 한부 바로 발급해,0,1,0,1,
표준어_등본_youngadult_male_nova_0367.mp3,등본," 오늘 회사 재출용 등본 한부, 무인 민원 발급기 떼고 싶어요."," 오늘 회사 재출용 등본 한부, 무인 민원 발급기 떼고 싶어요.",1,1,1,1,
표준어_초본_child_male_alloy_0456.mp3,초본, 방금 두부 초본 지금 뽑아 해 줘요., 방금 두부 초본 지금 뽑아 해 줘요.,1,1,1,1,
표준어_초본_middleaged_female_echo_0467.mp3,초본, 한불 주민등록 쳐본 지금 뽑아 해 줘요, 한부 주민등록 처벌 지금 뽑아 해 줘요,0,1,0,1,
표준어_초본_senior_female_alloy_0474.mp3,초본, 오늘 주민 등록 초본 두 분 PDF로 주소 전체 출력 인소해 주실래요? ST 초본 6509, 오늘 주민 등록 초본 두 분 PDF로 주소 전체 출력 인소해 주실래요? ST 초본 6509,1,1,1,1,
표준어_초본_senior_female_onyx_0496.mp3,초본, 당장 초본 한부 바로 발급해 부탁해요. 스티 초본 6구치, 당장 초본 한부 바로 발급해 부탁해요. 스티 초본 6구치,1,1,1,1,
표준어_초본_senior_male_alloy_0485.mp3,초본, 가능하면 빨리 입사지원 서류 처분 두부 무인민원 발급기 되고 싶어요., 가능하면 빨리 입사지원 서류 초본 두부 무인민원 발급기 되고 싶어요.,0,0,1,1,
표준어_초본_senior_male_nova_0447.mp3,초본, 오늘 초본 2부 발급해 가능할까요? 하신방 스테시 공 6G, 오늘 초본 2부 발급해 가능할까요? 하신방 스태시 공 6G,1,1,1,1,
표준어_초본_youngadult_female_onyx_0492.mp3,초본, 가능함에 빨리 관공사 제출용 초본 한부 PDF로 주소 전체 출력 발급해 주실래요? 스타 초본 1118, 가능함에 빨리 관공사 제출용 초본 한부 PDF로 주소 전체 출력 발급해 주실래요? 스타 초본 1118,1,1,1,1,
표준어_초본_youngadult_male_echo_0418.mp3,초본, 오늘 대출 서류용 초본 두 분 떼고 싶어요 하시막 초본 37, 오늘 대출 서류용 초본 두부 떼고 싶어요 하시막 초본 37,1,1,1,1,
표준어_초본_youngadult_male_echo_0473.mp3,초본," 윈을 관공서 제출용 초본, 정부 24 때고 싶어요.", 윤혤 관공서 제출용 초본 정부 24 때고 싶어요,1,1,1,1,
표준어_행사_child_female_alloy_0677.mp3,행사, 저녁에 가족이랑 갈만한 대구 행사 추천해줘요. 볼게요., 저녁에 가족이랑 갈만한 대구 행사 추천해줘요. 볼게요.,1,1,1,1,
표준어_행사_child_female_shimmer_0692.mp3,행사, 다음 주말 전혀 춘천 플랫 마켓 있나요? 볼게요., 다음 주말 전혀 춘천 플랫 마켓 있나요? 볼게요,0,0,0,0,
표준어_행사_child_male_alloy_0666.mp3,행사, 내일 아침 대전 공연 일정 알려주세요., 내일 아침 대전 공연 일정 알려주세요.,0,1,0,1,
표준어_행사_child_male_alloy_0667.mp3,행사, 이번 주말 아침 목포 공연 일정 알려주세요. 부탁해요., 이번 주말 아침 목포 공연 일정 알려주세요. 부탁해요.,0,1,0,1,
표준어_행사_child_male_echo_0656.mp3,행사, 내일 오후 울산 축제 일정 알려줘요. 부탁해요., 내일 오후 울산 축제 일정 알려줘요. 부탁해요.,0,1,0,1,
표준어_행사_child_male_nova_0675.mp3,행사, 저녁의 가족이랑 갈만한 광주 행사 추천해 줘요. 볼게요., 저녁의 가족이랑 갈만한 광주 행사 추천해 줘요. 볼게요.,1,1,1,1,
표준어_행사_child_male_onyx_0617.mp3,행사, 오늘 아침 세종 축제 일정 알려줘요. 부탁해요., 오늘 아침 세종 축제 일정 알려줘요. 부탁해요.,0,1,0,1,
표준어_행사_child_male_shimmer_0645.mp3,행사, 다음 주말 아침 서울 행사 뭐 있어요?, 다음 주말 아침 서울 행사 뭐 있어요?,1,1,1,1,
표준어_행사_middleaged_female_echo_0640.mp3,행사, 오늘 아침 전주공연 일정 알려주세요. 부탁해요., 오늘 아침 전주공연 일정 알려주세요. 부탁해요.,0,1,0,1,
표준어_행사_middleaged_female_echo_0682.mp3,행사, 다음 주말 아침 근처 행사 뭐 있죠? 확인할게요., 다음 주말 아침 근처 행사 뭐 있죠? 확인할게요,1,1,1,1,
표준어_행사_middleaged_female_echo_0694.mp3,행사, 아침에 무료 행사 있나요? 포한 확인할게요, 아침에 무료 행사 있나요? 포한 확인할게요,1,1,1,1,
표준어_행사_middleaged_male_nova_0669.mp3,행사, 내일 오후 근처 행사 뭐 있죠? 확인할게요, 내일 오후 근처 행사 뭐 있죠? 확인할게요,1,1,1,1,
표준어_행사_middleaged_male_onyx_0631.mp3,행사, 내일 저녁 순천 축제일정 알려줘요., 내일 저녁 순천 축제일정 알려줘요.,0,1,0,1,
표준어_행사_senior_female_nova_0649.mp3,행사, 오후의 가족이랑 갈만한 순천 행사 추천해 줘요. 알려주세요., 오후의 가족이랑 갈만한 순천행사 추천해 줘요. 알려주세요.,1,1,1,1,
표준어_행사_youngadult_female_nova_0651.mp3,행사, 전역에 무료 행사 있나요?, 전역에 무료 행사 있나요?,1,1,1,1,
표준어_행사_youngadult_male_onyx_0654.mp3,행사, 이번 주말 아침 광주 공연 일정 알려주세요, 이번 주말 아침 광주 공연 일정 알려주세요,0,1,0,1,
